Feat1,Feat2,Feat3,Feat4,Feat5,Feat6,Feat7  ,Feat8,Feat9,Turbvalue
0.30435,0.0019788,0.13281,0.31361,0.69832,0.26433,0.4838,0.013901,0.26077,0.02
0.17391,0.00059012,0.52344,0.82249,0.44693,0.14593,0.42515,0.01024,0.14399,0.2
0.15217,0.0014279,0.375,0.60355,0.55866,0.13634,0.45262,0.010744,0.13451,0.2
0.23913,0.0017669,0.054688,0.10651,0.78771,0.21375,0.68807,0.21344,0.21089,0.0002
0.086957,0.0034378,0.33594,0.52071,0.47486,0.097725,0.46388,0.0073209,0.096644,0.4
0.23913,0.00089198,0.078125,0.16568,0.9162,0.22362,0.42447,0.0032345,0.2206,0.0002
0.30435,0.0010349,0.1875,0.46746,0.72067,0.27252,0.47136,0.01637,0.26884,0.02
0.086957,0.004177,0.36719,0.52663,0.26816,0.072991,0.42121,0.013324,0.072402,0.4
0.23913,0.025523,0.054688,0.10651,0.78771,0.24215,0.52476,0.025594,0.23822,0.0002
0.26087,0.00076266,0.35156,0.71006,0.51955,0.22352,0.44121,0.0073827,0.22052,0.04
0.28261,0.001519,0.20313,0.4497,0.63128,0.25244,0.40703,0.012508,0.24905,0.02
0.21739,0.0010588,0.36719,0.62722,0.52514,0.19939,0.46845,0.013182,0.19671,0.04
0.15217,0.0020999,0.45313,0.67456,0.18436,0.14056,0.43812,0.0092082,0.13873,0.2
0.26087,0.00053127,0.33594,0.63314,0.97207,0.21867,0.43222,0.01677,0.21573,0.04
0.043478,0.0026082,0.44531,0.56213,0.62011,0.047509,0.42294,0.010314,0.046705,1
0.13043,0.00064836,0.42188,0.64497,0.65363,0.10858,0.42555,0.019735,0.10713,1
0.30435,0.0028858,0.10156,0.25444,0.69832,0.26174,0.50139,0.021767,0.25825,0.02
0.30435,0.0010813,0.16406,0.40828,0.39665,0.26773,0.40754,0.021394,0.26414,0.02
0.21739,0.00079908,0.24219,0.46154,0.39665,0.19234,0.39055,0.033449,0.18975,0.04
0,0.0029998,0.28906,0.32544,0.3743,0.010704,0.44529,0.019831,0.01067,1
0.086957,0.0031643,0.42188,0.63905,0.4581,0.09716,0.44033,0.0054256,0.095802,0.4
0.19565,0.0016118,0.52344,1,0.36872,0.18426,0.42536,0.0070223,0.1818,0.2
0,0.0026176,0.35156,0.40828,0.25698,0.0087596,0.4651,0.0087034,0.0084919,1
0.13043,0.00076608,0.38281,0.56805,0.36313,0.11723,0.48159,0.011577,0.11565,1
0.13043,0.0013538,0.36719,0.55621,0.29609,0.10502,0.43818,0.02412,0.10362,0.2
0.086957,0.0077858,0.42969,0.60355,0.49721,0.096015,0.46606,0.0055585,0.094789,0.4
0.065217,0.0073725,0.38281,0.57396,0.22346,0.076722,0.42793,0.0067887,0.07493,0.4
0.30435,0.0015347,0.17188,0.42604,0.53073,0.27163,0.37603,0.023212,0.26798,0.02
0.28261,0.0024258,0.17188,0.42604,0.56983,0.25593,0.43835,0.001151,0.25242,0.02
0.17391,0.00036438,0.28906,0.48521,0.39106,0.15256,0.44637,0.033142,0.15052,0.04
0.30435,0.0013453,0.1875,0.4497,0.78771,0.2704,0.48536,0.018339,0.26677,0.02
0.19565,0.0010315,0.28906,0.49704,0.49162,0.16699,0.48652,0.015568,0.16477,0.04
0.13043,0.0015443,0.42188,0.63905,0.45251,0.11043,0.43884,0.016554,0.10891,0.4
0.065217,0.0083469,0.33594,0.52071,0.12849,0.081979,0.43242,0.0051587,0.080799,0.4
0.086957,0.00923,0.34375,0.57396,0.4581,0.10708,0.45905,0.0040994,0.10551,0.4
0.043478,0.0011429,0.38281,0.50888,0.44693,0.03124,0.41477,0.013233,0.030815,1
0.065217,0.0023648,0.42969,0.57396,0.6257,0.075667,0.44661,0.0064546,0.074714,0.2
0.30435,0.00048658,0.17188,0.42604,0.27933,0.26921,0.3205,0.047509,0.26558,0.02
0.086957,0.00065586,0.375,0.50888,0.22905,0.079044,0.43878,0.014426,0.077986,1
0.26087,0.00051548,0.28906,0.6568,0.55866,0.21998,0.43774,0.011363,0.21704,0.04
0.065217,0.0053006,0.35938,0.47929,0.42458,0.072799,0.4384,0.0055782,0.071408,0.4
0.086957,0.0018952,0.25781,0.34911,0.20112,0.074895,0.45755,0.0099508,0.073879,0.4
0.28261,0.00053913,0.17969,0.39645,0.45251,0.24381,0.49573,0.024209,0.24052,0.02
0.13043,0.00079715,0.51563,0.92308,0.41341,0.12028,0.4226,0.013057,0.11867,0.2
0.19565,0.00046647,0.32813,0.56213,0.26257,0.16455,0.47943,0.024779,0.16234,0.2
0.28261,0.000413,0.21875,0.48521,0.59777,0.24709,0.46735,0.040052,0.24377,0.02
0.67391,0.071064,0.0078125,0.071006,0.53073,0.51794,0.47994,0.025534,0.51172,0.0002
0.45652,0.19111,0.0078125,0.065089,0.72626,0.48921,0.52567,0.024961,0.47935,0.0002
0.32609,0.0018653,0.046875,0.11834,0.6648,0.27541,0.8862,0.5025,0.27171,0.0002
0.28261,0.0021378,0.085938,0.2071,0.80447,0.25656,0.44776,0.024612,0.25314,0.0002
0.28261,0.001447,0.19531,0.42604,0.58659,0.24568,0.51483,0.017674,0.2424,0.02
0.34783,0.0028638,0.078125,0.21302,0.88827,0.28199,0.39645,0.011436,0.27816,0.0002
0.086957,0.019399,0.4375,0.68639,0.78771,0.13013,0.45596,0.0074696,0.12825,0.4
0.19565,0.0011694,0.47656,0.80473,0.22346,0.16806,0.44427,0.010074,0.16577,0.2
0.30435,0.0010225,0.17188,0.42604,0.27374,0.27028,0.39821,0.031568,0.26665,0.02
0.1087,0.0014727,0.39844,0.57396,0.49162,0.089732,0.40582,0.013053,0.088516,0.2
0.19565,0.0014127,0.28906,0.46746,0.32402,0.17181,0.43859,0.0061515,0.16947,0.04
0.19565,0.0014236,0.25781,0.46746,0.41899,0.17976,0.35757,0.058045,0.17733,0.04
0.23913,0.04084,0.054688,0.10651,0.81006,0.25059,0.50899,0.014217,0.24761,0.0002
0.32609,0.037977,0.046875,0.11834,0.76536,0.32035,0.47213,0.0051589,0.31654,0.0002
0.26087,0.00089001,0.3125,0.71598,0.4581,0.23066,0.44196,0.0051669,0.22755,0.04
0.17391,0.00055855,0.50781,0.77515,0.44693,0.14292,0.45928,0.015327,0.141,0.2
0.26087,0.0014618,0.22656,0.45562,0.67598,0.22607,0.4782,0.011178,0.22305,0.02
0.17391,0.00073618,0.40625,0.63314,0.44134,0.15128,0.44203,0.0082685,0.14923,0.2
0.13043,0.00092746,0.36719,0.55621,0.64246,0.10986,0.37634,0.028837,0.10844,1
0.26087,0.0026302,0.19531,0.42604,0.52514,0.24205,0.4459,0.0051742,0.23877,0.02
0.086957,0.0052062,0.48438,0.6568,0.51955,0.056741,0.37845,0.015757,0.056344,1
0.30435,0.0010335,0.16406,0.40237,0.74302,0.27454,0.46167,0.013282,0.27085,0.02
0.15217,0.0071426,0.39063,0.59763,0.93296,0.12812,0.43108,0.021656,0.1258,1
0.19565,0.00078215,0.42969,0.69822,0.2514,0.16842,0.43492,0.0087177,0.16615,0.2
0,0.0030108,0.375,0.46154,0.32961,0.0081654,0.46108,0.0064949,0.0079528,1
0.28261,0.0017508,0.16406,0.40237,0.67039,0.25677,0.42617,0.0037915,0.25332,0.02
0.26087,0.0022223,0.19531,0.40828,0.48603,0.24238,0.44131,0.005697,0.23914,0.02
0.021739,0.0020833,0.375,0.4497,0.24022,0.025303,0.44337,0.0063541,0.024993,1
0.13043,0.0010124,0.49219,0.72781,0.22346,0.10503,0.4304,0.0096025,0.10368,0.2
0.23913,0.00093673,0.33594,0.68639,0.47486,0.20993,0.45438,0.0056035,0.20713,0.04
0.21739,0.00095592,0.20313,0.38462,0.36872,0.19435,0.45494,0.0047697,0.19176,0.02
0.32609,0.038151,0.046875,0.11834,0.80447,0.27365,0.48488,0.010681,0.26915,0.0002
0.32609,0.0040951,0.046875,0.11834,0.6648,0.27852,0.71438,0.20242,0.27475,0.0002
0.065217,0.0011846,0.46875,0.6213,0.64804,0.058404,0.4253,0.022276,0.057621,1
0.41304,0.0056868,0.039063,0.15976,0.63687,0.34924,0.41396,0.014997,0.34453,0.0002
0.30435,0.0021103,0.15625,0.38462,0.59218,0.27022,0.41079,0.011871,0.2666,0.02
0.30435,0.00072873,0.17188,0.43787,0.43575,0.27685,0.45898,0.0097952,0.27312,0.02
0.28261,0.0018689,0.17969,0.40828,0.60335,0.24872,0.44833,0.014991,0.24534,0.02
0.21739,0.00091553,0.39844,0.57988,0.19553,0.18773,0.42786,0.010249,0.18525,0.2
0.41304,0.0072923,0.046875,0.18935,0.74302,0.33636,0.41859,0.0023634,0.33178,0.0002
0.065217,0.0037134,0.40625,0.35503,0.67039,0.041867,0.4197,0.008624,0.041363,1
0.1087,0.0011779,0.42969,0.61538,0.3743,0.099099,0.4479,0.0076233,0.097744,0.2
0.086957,0.00077664,0.40625,0.53846,0.30168,0.072717,0.38894,0.023687,0.071728,0.2
0.28261,0.00077836,0.3125,0.66864,0.36313,0.23926,0.43629,0.010843,0.23607,0.04
0.17391,0.00084793,0.47656,0.86391,0.44693,0.16079,0.45169,0.01282,0.15865,0.2
0.086957,0.00087646,0.48438,0.66864,0.47486,0.07273,0.40024,0.01995,0.071746,1
0.30435,0.0013991,0.17188,0.4142,0.67598,0.25834,0.39161,0.015366,0.25484,0.02
0.41304,0.0051691,0.039063,0.15976,0.61453,0.34838,0.38574,0.021687,0.3436,0.0002
0.26087,0.00040791,0.21094,0.42604,0.46927,0.22013,0.44878,0.050797,0.21719,0.02
0.30435,0.0026464,0.15625,0.42604,0.59777,0.26191,0.46025,0.018198,0.25841,0.02
0.13043,0.0035729,0.42969,0.66272,0.36313,0.11904,0.43345,0.0094443,0.11782,0.4
0.26087,0.000558,0.28125,0.60355,0.48045,0.23011,0.40108,0.014869,0.22703,0.04
0.23913,0.059544,0.054688,0.10651,0.78212,0.30267,0.44648,0.003516,0.29618,0.0002
0.19565,0.00095384,0.28125,0.52663,0.38547,0.17929,0.42385,0.0064956,0.17686,0.04
0.1087,0.011103,0.42969,0.61538,0.31285,0.074241,0.45186,0.0052048,0.073301,0.4
0.15217,0.00033974,0.38281,0.59172,0.68156,0.12532,0.47918,0.025878,0.12365,1
0.1087,0.00071407,0.34375,0.49112,0.32402,0.088249,0.40445,0.020385,0.087066,0.2
0.32609,0.0097719,0.054688,0.14201,0.85475,0.26162,0.39097,0.011612,0.25778,0.0002
0,0.0033899,0.375,0.42604,0.31844,0.0091693,0.43363,0.0069032,0.0093082,1
0.23913,0.0011169,0.30469,0.61538,0.42458,0.20934,0.43295,0.007871,0.20653,0.04
0.30435,0.00098262,0.17969,0.43787,0.50838,0.26884,0.42109,0.016926,0.26524,0.02
0.1087,0.0011437,0.47656,0.69822,0.43017,0.10192,0.45176,0.0088567,0.10056,0.2
0.19565,0.0014446,0.24219,0.44379,0.30726,0.177,0.3921,0.017552,0.17461,0.04
0.26087,0.00053735,0.35156,0.71006,0.58659,0.21707,0.45621,0.014856,0.21417,0.04
0.086957,0.005194,0.32813,0.49112,0.55307,0.10048,0.44265,0.007011,0.099115,0.4
0.086957,0.0010483,0.375,0.52663,0.21229,0.073714,0.42812,0.007585,0.072763,0.2
0.26087,0.00084734,0.19531,0.42604,0.42458,0.23616,0.43675,0.019315,0.23299,0.02
0.1087,0.0032545,0.42188,0.62722,0.32402,0.10388,0.44756,0.007352,0.1027,0.4
0.086957,0.0010021,0.42969,0.60355,0.26257,0.083615,0.45759,0.016399,0.082539,0.4
0.30435,0.0031855,0.15625,0.37278,0.6257,0.27984,0.45428,0.0041055,0.27613,0.02
0.15217,0.002889,0.48438,0.76331,0.18436,0.12868,0.40441,0.012384,0.1269,0.2
0.17391,0.0025632,0.4375,0.7929,0.17877,0.15706,0.40537,0.015424,0.15502,0.2
0.043478,0.0016746,0.33594,0.4142,0.083799,0.032863,0.46564,0.012169,0.032317,0.4
0.28261,0.00079767,0.17969,0.38462,0.43575,0.23451,0.37033,0.020914,0.23133,0.02
0.1087,0.0069767,0.33594,0.50888,0.43575,0.11288,0.45383,0.0046983,0.11119,0.4
0.086957,0.0037186,0.32813,0.48521,0.51955,0.096945,0.44824,0.0080464,0.095476,0.4
0.34783,0.0030136,0.10156,0.28402,0.73743,0.29295,0.38919,0.012358,0.28909,0.02
0.065217,0.0037048,0.33594,0.40237,0.45251,0.031077,0.43122,0.0053402,0.030856,1
0.28261,0.0018917,0.26563,0.57988,0.30726,0.24021,0.42909,0.018241,0.23702,0.04
0,0.0047108,0.26563,0.30769,0.37989,0.01633,0.4037,0.023784,0.016385,1
0.26087,0.00054962,0.35156,0.71006,0.50838,0.21684,0.4264,0.014831,0.21392,0.04
0.32609,0.015751,0.046875,0.11834,0.75978,0.28954,0.56531,0.042326,0.2856,0.0002
0.3913,0.0018088,0.0625,0.21893,0.86592,0.33366,0.31885,0.040212,0.32918,0.0002
0.21739,0.00028846,0.29688,0.53846,0.59777,0.18005,0.39958,0.032772,0.17763,0.04
0.28261,0.00094126,0.20313,0.45562,0.58101,0.25052,0.42887,0.016338,0.24712,0.02
0.47826,0,0.015625,0.11243,0.73743,0.4119,0.48983,0,0.40636,0.0002
0.086957,0.0022792,0.39844,0.55621,0.26816,0.084611,0.43026,0.0094214,0.083329,1
0.41304,0.0060973,0.039063,0.18935,0.65922,0.34095,0.41663,0.0076628,0.33628,0.0002
0.17391,0.00046747,0.47656,0.76331,0.36872,0.14515,0.45289,0.0075688,0.14322,0.2
0.1087,0.001551,0.4375,0.59763,0.31285,0.1049,0.46957,0.0095097,0.10348,0.2
0.34783,0.02555,0.023438,0.071006,0.70391,0.3521,0.4548,0.012981,0.34792,0.0002
0.21739,0.0010701,0.21094,0.38462,0.34078,0.18964,0.49116,0.02021,0.18712,0.02
0.19565,0.00058963,0.28906,0.49704,0.4581,0.16598,0.51738,0.03706,0.16375,0.04
0.1087,0.0010288,0.42969,0.61538,0.27933,0.096522,0.4453,0.010527,0.095221,0.2
0.23913,0.00073994,0.33594,0.68639,0.39665,0.21313,0.42752,0.0087064,0.21027,0.04
0.28261,0.0021854,0.085938,0.2071,0.84916,0.25847,0.46233,0.021928,0.25499,0.0002
0.30435,0.001492,0.19531,0.47337,0.5419,0.26043,0.44002,0.013044,0.25692,0.02
0.26087,0.00092591,0.35156,0.71006,0.85475,0.22083,0.52878,0.037722,0.21788,0.04
0.043478,0.0080369,0.42969,0.60947,0.30168,0.08105,0.42899,0.0051649,0.079295,0.4
0.30435,0.0022265,0.10156,0.30178,0.69832,0.2648,0.47574,0.011395,0.26124,0.02
0.28261,0.00037517,0.19531,0.45562,0.43575,0.24106,0.40438,0.018787,0.23781,0.02
0.086957,0.0056712,0.46875,0.66272,0.45251,0.063131,0.3918,0.01135,0.062479,1
0.26087,0.001938,0.28906,0.6568,0.15084,0.2339,0.45924,0.0074519,0.2308,0.04
0.26087,0.00068995,0.28906,0.62722,0.43575,0.23111,0.43258,0.014511,0.22801,0.04
0.32609,0.011012,0.046875,0.11834,0.60335,0.26147,0.41627,0.024142,0.25805,0.0002
0.1087,0.0012598,0.38281,0.56805,0.73743,0.10141,0.40633,0.012274,0.10006,1
0.19565,0.0009193,0.3125,0.54438,0.53073,0.16919,0.41703,0.026074,0.16693,0.04
0.52174,0.015757,0.0078125,0.11834,0.77654,0.4405,0.29851,0.052602,0.43477,0.0002
0.13043,0.00067336,0.5,0.91124,0.36313,0.11737,0.41977,0.016443,0.11579,0.2
0.15217,0.00051607,0.38281,0.59172,0.68715,0.12335,0.44585,0.018465,0.12171,1
0.065217,0.0049939,0.36719,0.47929,0.24022,0.028016,0.4191,0.0067986,0.027463,1
0.1087,0.0026725,0.5,0.71006,0.48045,0.078769,0.36971,0.023569,0.0777,1
0.30435,0.003686,0.125,0.3432,0.68156,0.27903,0.42827,0.0046463,0.27532,0.02
0.95652,1,0.99609,0,0.42458,1,0.53731,0.032256,1,0.0002
0.1087,0.0005172,0.46094,0.6568,0.34078,0.08939,0.48601,0.020518,0.088198,0.2
0.28261,0.0011281,0.19531,0.45562,0.65363,0.25031,0.43157,0.01271,0.24695,0.02
0.23913,0.0010934,0.33594,0.68639,0.34637,0.2174,0.45428,0.013251,0.21447,0.04
0.065217,0.0015701,0.36719,0.49112,0.31844,0.058299,0.42927,0.0084157,0.057556,0.4
0.21739,0.0014762,0.28125,0.51479,0.21229,0.18211,0.42568,0.0071535,0.17965,0.04
0.19565,0.00092054,0.29688,0.53846,0.3743,0.17692,0.44034,0.0095607,0.17457,0.04
0.13043,0.00345,0.41406,0.65089,0.32961,0.1306,0.44882,0.0098925,0.12915,0.4
0.34783,0.0043991,0.046875,0.13018,0.67039,0.29483,0.63714,0.12627,0.29086,0.0002
0.26087,0.00083869,0.21094,0.42604,0.50838,0.21489,0.37467,0.01928,0.21204,0.02
0.26087,0.0004856,0.32031,0.64497,0.43017,0.22624,0.45381,0.010161,0.22321,0.04
0.30435,0.0038345,0.15625,0.37278,0.3743,0.28168,0.46547,0.0080886,0.27796,0.02
0.45652,0.23544,0.015625,0.11243,0.81285,0.46885,0.55325,0.04322,0.45776,0.0002
0.34783,0.0049281,0.078125,0.21302,0.68156,0.2826,0.39084,0.012761,0.27897,0.0002
0,0.0029515,0.35938,0.42604,0.34637,0.0075517,0.45452,0.0065182,0.0075764,1
0.30435,0.00076538,0.17188,0.4497,0.70391,0.2717,0.42896,0.023428,0.26804,0.02
0.26087,0.00042802,0.33594,0.63314,0.48045,0.21877,0.43543,0.01163,0.21583,0.04
0.065217,0.0031534,0.35938,0.49704,0.41899,0.079568,0.44472,0.0093945,0.07869,0.4
0.1087,0.00057632,0.46094,0.6568,0.46369,0.09051,0.48962,0.02318,0.089291,0.2
0.065217,0.0031447,0.27344,0.34911,0.41899,0.051765,0.45511,0.012915,0.0509,0.4
0.13043,0.00077717,0.36719,0.55621,0.63687,0.11939,0.47719,0.019916,0.11779,1
0.065217,0.0027483,0.36719,0.49704,0.36872,0.052333,0.42769,0.011235,0.051762,0.4
0.21739,0.00084043,0.33594,0.60355,0.22905,0.18328,0.42842,0.012604,0.18084,0.2
0.28261,0.00089815,0.21875,0.48521,0.60335,0.24931,0.48454,0.022456,0.24593,0.02
0,0.00080175,0.35156,0.40828,0.55866,0.00095286,0.51479,0.045279,0.00095095,1
0.23913,0.0012664,0.30469,0.64497,0.40223,0.21519,0.43412,0.011718,0.21232,0.04
0.26087,0.00080872,0.078125,0.16568,0.8324,0.23546,0.46837,0.090243,0.23229,0.0002
0.13043,0.00076066,0.51563,0.7929,0.36872,0.1198,0.42102,0.014139,0.11817,0.2
0.34783,0.0029174,0.078125,0.21302,0.63687,0.28906,0.2429,0.34572,0.28514,0.0002
0.086957,0.0020268,0.42969,0.59172,0.27933,0.072545,0.39673,0.020169,0.071709,1
0.1087,0.0011461,0.39844,0.5858,0.75419,0.099131,0.51102,0.066354,0.097767,1
0.21739,0.00301,0.27344,0.56213,0.094972,0.21329,0.45926,0.011569,0.21051,0.04
0.043478,0.0011504,0.38281,0.48521,0.45251,0.03166,0.41112,0.0088963,0.031248,1
0.043478,0.00093124,0.3125,0.39053,0.067039,0.04011,0.48729,0.028101,0.039579,0.4
0.065217,0.00085445,0.35156,0.4497,0.43017,0.045151,0.3992,0.046355,0.04456,0.4
0.043478,0.0053127,0.33594,0.4142,0.14525,0.05829,0.44811,0.0074389,0.057802,0.4
0,0.0020228,0.35938,0.43787,0.34078,0.00032229,0.48763,0.014095,0.00029848,1
0.30435,0.0016965,0.19531,0.47337,0.49162,0.26322,0.4396,0.019868,0.25968,0.02
0.1087,0.00086745,0.39844,0.5858,0.73743,0.098581,0.43092,0.0062638,0.097271,1
0.32609,0.011114,0.046875,0.13018,0.76536,0.28063,0.49283,0.047863,0.27676,0.0002
0.30435,0.0017558,0.15625,0.38462,0.7095,0.27429,0.5011,0.022218,0.27061,0.02
0.23913,0.00092206,0.35156,0.68639,0.65363,0.20303,0.45038,0.011905,0.20031,0.04
0.1087,0.0010348,0.39844,0.57396,0.36872,0.089435,0.42761,0.0074909,0.088237,0.2
0.26087,0.00096364,0.21094,0.44379,0.68715,0.22853,0.4637,0.010901,0.22547,0.02
0.1087,0.00059784,0.5,0.69822,0.5419,0.08298,0.40027,0.026726,0.081872,1
0.32609,0.0020974,0.19531,0.47929,0.78212,0.27003,0.42111,0.0077572,0.26646,0.02
0,0.0036034,0.375,0.43787,0.3352,0.0093087,0.44612,0.0035871,0.0091689,1
0.41304,0.0039787,0.039063,0.15976,0.64246,0.34872,0.37876,0.023723,0.34399,0.0002
0.043478,0.002054,0.33594,0.4142,0.055866,0.034211,0.46869,0.012194,0.033596,0.4
0.26087,0.0047688,0.078125,0.16568,0.80447,0.24618,0.48363,0.015448,0.2428,0.0002
0.30435,0.00054593,0.16406,0.43787,0.67598,0.27341,0.39106,0.042645,0.26974,0.02
0.13043,0.00068959,0.42188,0.63905,0.60894,0.12169,0.45648,0.01247,0.12005,1
0.28261,0.0025382,0.17188,0.42604,0.57542,0.25686,0.43623,0.0013195,0.25348,0.02
0.15217,0.0013942,0.42188,0.68639,0.46927,0.13218,0.44765,0.0063955,0.13047,0.2
0.1087,0.00057995,0.5,0.69822,0.48603,0.086641,0.42884,0.01242,0.085484,1
0.26087,0.00063185,0.29688,0.69822,0.50838,0.22164,0.42935,0.010106,0.21867,0.04
0.23913,0.0012957,0.33594,0.66272,0.47486,0.21286,0.4449,0.0075285,0.20996,0.04
0.28261,0.0036034,0.21875,0.48521,0.63128,0.2565,0.44089,0.0098849,0.25303,0.02
0.15217,0.0013036,0.45313,0.68639,0.43017,0.13244,0.44414,0.006043,0.1307,0.2
0.21739,0.00091712,0.25781,0.46746,0.4581,0.18059,0.42333,0.019944,0.17818,0.04
0.30435,0.00053035,0.17188,0.40237,0.81006,0.27131,0.49421,0.027705,0.26767,0.02
0.23913,0.01007,0.078125,0.15385,0.75419,0.24216,0.45498,0.001987,0.23874,0.0002
0.30435,0.00084532,0.15625,0.37278,0.4581,0.26737,0.53493,0.050774,0.26378,0.02
0.086957,0.00079967,0.5,0.68639,0.48045,0.08283,0.4435,0.0095803,0.081727,1
0.28261,0.0014495,0.17188,0.43787,0.57542,0.25833,0.44184,0.014536,0.25488,0.02
0.065217,0.0018839,0.39844,0.6213,0.67039,0.05112,0.4087,0.016831,0.050442,1
0.28261,0.0010561,0.21875,0.48521,0.65922,0.25193,0.45912,0.005247,0.24856,0.02
0.13043,0.0021236,0.35938,0.52071,0.53631,0.11365,0.45061,0.007381,0.11211,0.4
0.28261,0.0010017,0.17969,0.38462,0.46927,0.24265,0.47368,0.022357,0.23936,0.02
0.086957,0.0010839,0.39063,0.5503,0.67598,0.082438,0.44615,0.018016,0.081343,1
0.1087,0.00092906,0.46094,0.64497,0.3352,0.084609,0.46661,0.011283,0.08353,0.4
0.1087,0.0018188,0.39063,0.5858,0.74302,0.10455,0.43704,0.0043005,0.10319,1
0.065217,0.00096334,0.28125,0.35503,0.0055866,0.04667,0.48525,0.022045,0.046035,0.4
0.26087,0.0008882,0.19531,0.42604,0.46369,0.23458,0.44603,0.01004,0.23143,0.02
0.23913,0.0012301,0.3125,0.60947,0.53073,0.21484,0.43567,0.012944,0.21197,0.04
0.30435,0.00045906,0.1875,0.4497,0.64804,0.26996,0.45611,0.0018648,0.26632,0.02
0.23913,0.020389,0.054688,0.10651,0.7933,0.22594,0.569,0.04779,0.2232,0.0002
0.043478,0.0013538,0.3125,0.39053,0.067039,0.04345,0.4681,0.011304,0.042839,0.4
0.086957,0.0015998,0.42969,0.57396,0.35754,0.084958,0.43529,0.0099102,0.083826,0.2
0.065217,0.0009613,0.28125,0.36095,0.35754,0.043339,0.38907,0.029512,0.042774,1
0.13043,0.0018586,0.36719,0.53846,0.69274,0.10402,0.42414,0.012392,0.10261,1
0.23913,0.00078637,0.30469,0.5858,0.50279,0.2064,0.465,0.010746,0.20365,0.04
0.17391,0.002531,0.36719,0.6213,0.43017,0.14785,0.41158,0.0084824,0.14576,0.4
0.26087,0.0010201,0.20313,0.45562,0.48045,0.23966,0.42077,0.0092931,0.23647,0.02
0.32609,0.00080952,0.17188,0.43787,0.78212,0.27589,0.46334,0.0093564,0.27216,0.02
0.30435,0.0013745,0.1875,0.4497,0.37989,0.26337,0.46723,0.020821,0.25984,0.02
0.23913,0.0025014,0.33594,0.6568,0.15084,0.2235,0.46517,0.011133,0.22046,0.04
0.13043,0.00078989,0.42188,0.62722,0.62011,0.11068,0.43107,0.01881,0.1092,1
0.086957,0.0015351,0.39063,0.57396,0.48045,0.07424,0.45141,0.011967,0.073248,0.2
0.23913,0.0032062,0.1875,0.36686,0.7486,0.21353,0.40149,0.019234,0.21059,0.02
0.086957,0.006971,0.32813,0.49112,0.54749,0.10365,0.45175,0.0073857,0.10252,0.4
0.17391,0.0022306,0.41406,0.73964,0.2067,0.15965,0.45514,0.0057885,0.15749,0.2
0.26087,0.012257,0.078125,0.16568,0.61453,0.25711,0.50303,0.025641,0.25317,0.0002
0.19565,0.0010399,0.47656,0.80473,0.31844,0.1678,0.44301,0.012248,0.16561,0.2
0.28261,0.00073364,0.21875,0.45562,0.6648,0.24651,0.44704,0.014938,0.24321,0.02
0.26087,0.00068512,0.32031,0.68047,0.31844,0.22738,0.43997,0.010274,0.22433,0.04
0.19565,0.0011505,0.30469,0.52663,0.68715,0.16343,0.42851,0.012957,0.16124,0.04
0.13043,0.00073819,0.36719,0.55621,0.63687,0.11271,0.39583,0.030595,0.1112,1
0.17391,0.00051576,0.45313,0.77515,0.44693,0.14332,0.45225,0.013505,0.14138,0.2
0.13043,0.014024,0.39063,0.60947,0.24022,0.085401,0.43215,0.0032933,0.084389,0.4
0.086957,0.0018388,0.25781,0.34911,0.20112,0.075239,0.45994,0.010574,0.074209,0.4
0.23913,0.00052295,0.33594,0.62722,0.34637,0.19958,0.46168,0.011777,0.19691,0.04
0.30435,0.0011174,0.15625,0.38462,0.58101,0.27251,0.43699,0.01535,0.26884,0.02
0.065217,0.0019549,0.39844,0.47929,0.38547,0.039004,0.39075,0.017371,0.038518,1
0.28261,0.0020722,0.085938,0.2071,0.84916,0.25561,0.4155,0.012235,0.25209,0.0002
0.19565,0.0010802,0.25781,0.46746,0.46369,0.17951,0.38606,0.043291,0.17709,0.04
0.13043,0.0005284,0.38281,0.56805,0.3743,0.10966,0.47227,0.037109,0.10819,0.2
0.065217,0.0012833,0.4375,0.57396,0.46369,0.057802,0.43351,0.0097133,0.057044,0.2
0.13043,0.0014214,0.38281,0.56805,0.75978,0.10076,0.40959,0.010698,0.099399,1
0.17391,0.0027619,0.28906,0.46746,0.46369,0.16272,0.43775,0.0050188,0.16051,0.04
0.23913,0.0014174,0.28906,0.56213,0.51397,0.21297,0.46196,0.012293,0.21011,0.04
0.13043,0.0004344,0.42188,0.63905,0.61453,0.1182,0.4944,0.023522,0.11662,1
0.30435,0.00065967,0.1875,0.4497,0.71508,0.27317,0.47753,0.011244,0.2695,0.02
0.086957,0.00084606,0.46875,0.65089,0.26257,0.082212,0.45729,0.013706,0.081119,0.4
0.19565,0.00067709,0.40625,0.69822,0.2067,0.17681,0.42979,0.0099748,0.17445,0.2
0.28261,0.001332,0.1875,0.4497,0.65363,0.25469,0.40309,0.01213,0.25125,0.02
0.30435,0.0017611,0.17188,0.43787,0.48045,0.27009,0.44118,0.021258,0.26647,0.02
0.32609,0.031857,0.046875,0.11834,0.79888,0.31423,0.46457,0.0034232,0.3108,0.0002
0.086957,0.0022109,0.40625,0.57396,0.45251,0.081862,0.43839,0.0095157,0.080867,0.2
0.23913,0.00094601,0.33594,0.69822,0.90503,0.21168,0.44077,0.011395,0.20883,0.04
0.30435,0.0022139,0.15625,0.37278,0.45251,0.2608,0.45047,0.016208,0.25729,0.02
0.13043,0.0038962,0.42969,0.66864,0.43575,0.1303,0.43937,0.010218,0.12882,0.4
0.065217,0.0034823,0.39844,0.57396,0.43575,0.080421,0.42602,0.0057558,0.079274,0.2
0.23913,0.00059979,0.28906,0.57396,0.48045,0.20504,0.40995,0.0051428,0.20229,0.04
0.26087,0.0015772,0.28906,0.56213,0.25698,0.22281,0.47088,0.019661,0.21983,0.04
0.1087,0.0014048,0.39063,0.59763,0.31285,0.10948,0.43869,0.0066623,0.10799,0.2
0.28261,0.0039748,0.078125,0.17751,0.83799,0.25008,0.52474,0.026378,0.24666,0.0002
0.19565,0.0014266,0.29688,0.52663,0.3352,0.17339,0.44139,0.0048932,0.17112,0.04
0.13043,0.00055561,0.36719,0.55621,0.6257,0.11623,0.45287,0.020768,0.11468,1
0.043478,0.0018378,0.375,0.46154,0.3352,0.019521,0.39977,0.011987,0.019215,1
0.21739,0.00091719,0.28906,0.56213,0.44134,0.19951,0.44631,0.0069321,0.19683,0.04
0.043478,0.0010757,0.38281,0.48521,0.44693,0.030644,0.43215,0.012122,0.030229,1
0.13043,0.009468,0.33594,0.52071,0.10615,0.082113,0.42487,0.0059074,0.08115,0.4
0.26087,0.00061342,0.33594,0.66864,0.6257,0.22045,0.44904,0.021162,0.21749,0.04
0.30435,0.0018331,0.14844,0.38462,0.63128,0.27887,0.4167,0.013572,0.27513,0.02
0.30435,0.002978,0.15625,0.38462,0.50838,0.27887,0.48524,0.012607,0.27514,0.02
0.26087,0.0012491,0.28906,0.59172,0.40223,0.22442,0.45998,0.011899,0.22136,0.04
0.13043,0.00041045,0.4375,0.64497,0.65922,0.10948,0.45966,0.015326,0.10801,1
0.32609,0.050683,0.046875,0.11834,0.6648,0.30654,0.4744,0.0079399,0.30327,0.0002
0.065217,0.0058682,0.36719,0.47929,0.20112,0.058984,0.44318,0.010779,0.057674,0.4
0.34783,0.003584,0.078125,0.22485,0.75419,0.29052,0.37688,0.018526,0.28666,0.0002
0.30435,0.0006325,0.1875,0.4497,0.32961,0.2676,0.43641,0.019571,0.26399,0.02
0.1087,0.00051433,0.5,0.71598,0.39665,0.082985,0.42542,0.010286,0.081877,1
0.086957,0.0042442,0.32813,0.52071,0.35196,0.078081,0.4213,0.010145,0.076987,0.4
0.1087,0.0014699,0.42969,0.61538,0.23743,0.10247,0.45103,0.008221,0.10102,0.2
0.13043,0.00088794,0.35938,0.53254,0.69274,0.11022,0.45768,0.010629,0.10875,1
0.17391,0.001133,0.35938,0.59172,0.41341,0.1487,0.42487,0.015206,0.14672,0.4
0.26087,0.0016082,0.27344,0.56213,0.41341,0.2232,0.44682,0.0091421,0.22017,0.04
0.30435,0.00045721,0.17188,0.43787,0.63687,0.27176,0.43925,0.0037206,0.26811,0.02
0.26087,0.00068418,0.28125,0.60355,0.40223,0.23392,0.4227,0.013613,0.23075,0.04
0.47826,0.0064674,0.015625,0.11243,0.56425,0.41636,0.41785,0.062948,0.41078,0.0002
0.30435,0.0022671,0.15625,0.37278,0.69832,0.2788,0.47859,0.014383,0.27502,0.02
0.086957,0.0011188,0.39063,0.53846,0.39665,0.084286,0.46258,0.01404,0.083169,0.2
0.45652,0.066998,0.0078125,0.065089,0.72626,0.42555,0.48089,0.027905,0.41873,0.0002
0.23913,0.016509,0.054688,0.10651,0.77654,0.22236,0.62195,0.086985,0.21925,0.0002
0.32609,0.079675,0.046875,0.11834,0.7486,0.31454,0.49346,0.015977,0.31198,0.0002
0.30435,0.0010598,0.16406,0.40237,0.69274,0.27341,0.41576,0.023272,0.26975,0.02
0.15217,0.0011999,0.51563,0.78107,0.36872,0.12484,0.45621,0.028247,0.12314,0.2
0.086957,0.0018379,0.5,0.68639,0.55866,0.080422,0.36289,0.037829,0.07927,1
0.17391,0.0012183,0.45313,0.74556,0.47486,0.15079,0.49624,0.018307,0.14876,0.2
0.36957,0.0076339,0.023438,0.076923,0.77654,0.33231,0.51031,0.014005,0.32807,0.0002
0.32609,0.044561,0.046875,0.11834,0.70391,0.30392,0.47301,0.0081991,0.30032,0.0002
0.30435,0.0026328,0.085938,0.2071,0.77654,0.26015,0.46273,0.02107,0.25662,0.0002
0.086957,0.0026372,0.47656,0.68639,0.49162,0.069027,0.37438,0.023623,0.068256,1
0.19565,0.0010823,0.28906,0.49704,0.35196,0.16765,0.50198,0.029482,0.1654,0.04
0.30435,0.0022583,0.15625,0.38462,0.72067,0.27343,0.44987,0.0096937,0.26976,0.02
0.13043,0.00071352,0.38281,0.59172,0.59218,0.12387,0.44049,0.0095282,0.12222,1
0.28261,0.0014046,0.17188,0.3787,0.36313,0.24123,0.42074,0.017367,0.23798,0.02
0.086957,0.00090623,0.39063,0.52663,0.29609,0.076475,0.41023,0.013358,0.075437,0.2
0.32609,0.0035832,0.046875,0.11834,0.77095,0.2741,0.57732,0.15356,0.27042,0.0002
0.1087,0.0025901,0.42969,0.66272,0.15642,0.10118,0.43873,0.0074237,0.099933,0.4
0.1087,0.0011284,0.42969,0.60355,0.44134,0.092976,0.42862,0.0097233,0.091696,0.2
0.065217,0.002218,0.46875,0.48521,0.58659,0.047997,0.40675,0.015301,0.047347,1
0.26087,0.00069746,0.32031,0.69822,0.44693,0.22391,0.42966,0.015984,0.2209,0.04
0.021739,0.0015021,0.375,0.46154,0.27374,0.02611,0.44332,0.0083544,0.02577,1
0.23913,0.00049137,0.23438,0.44379,0.7486,0.1995,0.56578,0.041636,0.19681,0.02
0.15217,0.002532,0.41406,0.63905,0.28492,0.12344,0.4259,0.0081563,0.12197,0.4
0.086957,0.00296,0.48438,0.66864,0.51955,0.06854,0.3563,0.032258,0.067834,1
0.26087,0.0010085,0.26563,0.57988,0.50838,0.2312,0.46513,0.013579,0.22808,0.04
0.086957,0.00055769,0.375,0.53846,0.21229,0.076711,0.43257,0.015174,0.075668,0.2
0.1087,0.0012138,0.54688,0.78107,0.36313,0.10572,0.48044,0.016594,0.10438,0.2
0.28261,0.00052175,0.32031,0.73964,0.35754,0.2421,0.4162,0.012949,0.23886,0.04
0.30435,0.00046832,0.1875,0.4497,0.64804,0.27026,0.45432,0.0030436,0.26663,0.02
0.21739,0.0014122,0.37891,0.71598,0.87151,0.19565,0.43825,0.010585,0.19305,0.2
0.17391,0.0012814,0.52344,0.88757,0.5419,0.15719,0.45233,0.012627,0.15508,0.2
0.30435,0.0016166,0.1875,0.4497,0.3352,0.26883,0.45905,0.017953,0.26522,0.02
0.26087,0.00076772,0.28906,0.59172,0.40782,0.2286,0.44217,0.0087761,0.22552,0.04
0.26087,0.00048908,0.20313,0.40828,0.34637,0.21987,0.52538,0.049557,0.21693,0.02
0.065217,0.0010342,0.28125,0.36095,0.36313,0.043559,0.40197,0.026108,0.042974,1
0.26087,0.0016504,0.28906,0.57988,0.24022,0.22376,0.43615,0.0089847,0.22075,0.04
0.086957,0.0059521,0.48438,0.71598,0.61453,0.068391,0.37326,0.016988,0.067705,1
0.26087,0.00091448,0.32031,0.69822,0.39106,0.23002,0.45298,0.006228,0.2269,0.04
0.28261,0.00094989,0.29688,0.71006,0.31285,0.25019,0.44928,0.011585,0.24687,0.04
0.26087,0.00067994,0.29688,0.63314,0.92179,0.2183,0.44602,0.014995,0.21536,0.04
0.28261,0.0010183,0.3125,0.69822,0.38547,0.24305,0.45125,0.020171,0.23972,0.04
0.26087,0.0010091,0.26563,0.57988,0.46927,0.2348,0.45249,0.014756,0.23162,0.04
0.13043,0.0020878,0.38281,0.56805,0.21229,0.10292,0.48004,0.028029,0.10156,0.2
0.23913,0.0038738,0.29688,0.61538,0.26257,0.21947,0.45776,0.0058562,0.2166,0.04
0.065217,0.0014297,0.38281,0.49704,0.51955,0.045276,0.36094,0.032325,0.044747,1
0.43478,0.036859,0.015625,0.088757,0.75978,0.37087,0.35075,0.02497,0.36615,0.0002
0.086957,0.0053863,0.44531,0.60947,0.57542,0.051311,0.41499,0.0081778,0.050839,1
0.065217,0.0026359,0.33594,0.47929,0.48045,0.038121,0.41615,0.01055,0.037576,1
0.19565,0.00071741,0.36719,0.63314,0.32402,0.16493,0.44324,0.010133,0.16271,0.2
0.23913,0.0079031,0.054688,0.10651,0.79888,0.22109,0.57168,0.06872,0.21819,0.0002
0.19565,0.00093367,0.3125,0.55621,0.53631,0.17008,0.38658,0.030218,0.1678,0.04
0.021739,0.0041284,0.33594,0.46746,0.094972,0.034752,0.44215,0.0065932,0.033973,0.4
0.23913,0.00032681,0.054688,0.10651,0.82123,0.21125,1,0.87355,0.20842,0.0002
0.17391,0.0030512,0.47656,0.78107,0.87709,0.16433,0.48019,0.011106,0.16189,0.2
0.13043,0.0010009,0.36719,0.53846,0.69274,0.1097,0.41376,0.025021,0.10825,1
0.52174,0.02479,0.0078125,0.11834,0.77654,0.42584,0.353,0.021115,0.42021,0.0002
0.1087,0.0012949,0.47656,0.69822,0.43017,0.10274,0.46681,0.0099162,0.10141,0.2
0.065217,0.0036174,0.38281,0.65089,0.73743,0.049092,0.41525,0.011048,0.048369,1
0,0.0043281,0.26563,0.46746,0.36872,0.015592,0.44094,0.010101,0.015188,1
0.67391,0.063707,0.0078125,0.059172,0.53073,0.52872,0.4298,0.0069371,0.52161,0.0002
0.13043,0.00042306,0.38281,0.56805,0.24022,0.10895,0.41631,0.021959,0.10749,0.2
0.26087,0.00091164,0.33594,0.68639,0.44134,0.22126,0.43973,0.014553,0.21833,0.04
0.30435,0.0019442,0.15625,0.37278,0.7095,0.27404,0.4853,0.013484,0.27035,0.02
0,0.0031801,0.26563,0.28994,0.36872,0.0074882,0.46581,0.014121,0.0073931,1
0.26087,0.00058661,0.20313,0.42012,0.39106,0.22454,0.46748,0.044402,0.22153,0.02
0.26087,0.00061735,0.28906,0.69822,0.92737,0.23543,0.42963,0.008654,0.23227,0.2
0.30435,0.0018034,0.16406,0.42604,0.57542,0.26324,0.41119,0.011826,0.25977,0.02
0.21739,0.00064598,0.32813,0.62722,0.41341,0.19893,0.4492,0.0046905,0.19626,0.04
0.30435,0.0011169,0.16406,0.43787,0.64246,0.26992,0.38524,0.024904,0.26629,0.02
0,0.0028837,0.33594,0.42012,0.41341,0.012486,0.43788,0.0201,0.012479,1
0.30435,0.0029712,0.16406,0.40237,0.67039,0.26887,0.48885,0.02829,0.26527,0.02
0.23913,0.001275,0.23438,0.44379,0.73184,0.20637,0.46468,0.0033095,0.20356,0.02
0.065217,0.00061037,0.39844,0.47929,0.37989,0.047698,0.40401,0.019035,0.047069,1
0.19565,0.00078663,0.53125,0.94083,0.22346,0.16752,0.41694,0.010946,0.1653,0.2
0.1087,0.0026155,0.42969,0.60355,0.25698,0.099005,0.47122,0.011482,0.097902,0.4
0.19565,0.00046322,0.32813,0.56213,0.26257,0.16402,0.4388,0.023842,0.16181,0.2
0.065217,0.0042379,0.35938,0.52071,0.28492,0.075901,0.43981,0.0061608,0.074855,0.4
0.065217,0.00076308,0.35156,0.4497,0.43575,0.043332,0.31458,0.051283,0.04275,0.4
0.043478,0.0022348,0.375,0.46154,0.37989,0.030565,0.41953,0.010258,0.030184,1
0.36957,0.054988,0.023438,0.076923,0.79888,0.29344,0.42482,0.0075301,0.28829,0.0002
0.32609,0.012342,0.054688,0.14201,0.85475,0.25312,0.41343,0.0058757,0.24935,0.0002
0.17391,0.0020814,0.28906,0.47337,0.45251,0.15428,0.46151,0.0083907,0.15221,0.04
0.1087,0.001459,0.5,0.68639,0.44134,0.082899,0.37727,0.025883,0.081805,1
0.30435,0.0024938,0.15625,0.38462,0.63687,0.27457,0.42452,0.0094801,0.27087,0.02
0.15217,0.00059386,0.38281,0.59172,0.60335,0.12773,0.48098,0.012112,0.126,1
0.30435,0.0011092,0.1875,0.4497,0.63128,0.26065,0.38994,0.012349,0.25715,0.02
0.13043,0.00070111,0.35938,0.53254,0.69274,0.11039,0.45253,0.016822,0.1089,1
0.30435,0.0017448,0.1875,0.4497,0.58659,0.26944,0.53075,0.046978,0.26583,0.02
0.30435,0.00094063,0.14844,0.38462,0.52793,0.27295,0.44027,0.018498,0.26927,0.02
0.1087,0.0030681,0.41406,0.64497,0.38547,0.11295,0.44511,0.0062732,0.11173,0.4
0.065217,0.0010733,0.4375,0.57396,0.49162,0.056513,0.44134,0.013568,0.055739,0.2
0.17391,0.0020566,0.4375,0.92899,0.17877,0.15942,0.42489,0.011962,0.15719,0.2
0.13043,0.0046289,0.32813,0.49112,0.45251,0.10682,0.43785,0.0099014,0.10572,0.4
0.34783,0.051415,0.0078125,0.065089,0.76536,0.36159,0.49338,0.023973,0.35718,0.0002
0.13043,0.00039235,0.49219,0.7574,0.32402,0.10957,0.42487,0.011313,0.10811,0.2
0.19565,0.00060879,0.35156,0.66272,0.17877,0.17296,0.46732,0.010476,0.17063,0.2
0.15217,0.0019229,0.48438,0.76331,0.24022,0.12855,0.39878,0.013811,0.12686,0.2
0.30435,0.0012133,0.1875,0.4497,0.70391,0.26049,0.39271,0.011301,0.257,0.02
0.1087,0.0010456,0.42188,0.63905,0.31844,0.10285,0.45632,0.0086308,0.10144,0.2
0.26087,0.00054813,0.28906,0.59172,0.43575,0.22781,0.45926,0.0087234,0.22476,0.04
0.26087,0.0016607,0.27344,0.56213,0.5419,0.22686,0.46316,0.010086,0.22377,0.04
0.21739,0.0010469,0.29688,0.56213,0.49162,0.1975,0.44922,0.011379,0.19484,0.04
0.23913,0.0013059,0.29688,0.61538,0.96089,0.21879,0.50764,0.025994,0.2159,0.04
0.1087,0.00093092,0.42969,0.61538,0.20112,0.099264,0.45394,0.0098944,0.097919,0.2
0.32609,0.0017732,0.1875,0.46746,0.69274,0.26664,0.42132,0.0078275,0.26308,0.02
0.28261,0.0015472,0.21875,0.48521,0.7095,0.25038,0.42152,0.010287,0.247,0.02
0.30435,0.0013813,0.15625,0.38462,0.44134,0.27464,0.49539,0.020059,0.27095,0.02
0.30435,0.00086116,0.16406,0.4142,0.78771,0.27152,0.4708,0.015114,0.26788,0.02
0.28261,0.00046838,0.19531,0.42604,0.42458,0.23838,0.40027,0.014723,0.23517,0.02
0.13043,0.0010474,0.35938,0.53254,0.45251,0.10206,0.43078,0.0082052,0.10066,0.4
0.26087,0.00084247,0.28906,0.60947,0.53073,0.2174,0.44135,0.015046,0.21446,0.04
0.26087,0.00061856,0.28906,0.69231,0.76536,0.23581,0.42603,0.010573,0.23264,0.2
0.15217,0.0010756,0.42969,0.56213,0.38547,0.13589,0.42178,0.010207,0.13408,0.2
0.30435,0.0011356,0.1875,0.46746,0.72067,0.27303,0.47208,0.015192,0.26934,0.02
0.086957,0.0036175,0.33594,0.49112,0.11173,0.09545,0.42354,0.0080852,0.094186,0.4
0.26087,0.00076546,0.32031,0.69822,0.39106,0.2243,0.42124,0.015914,0.22129,0.04
0.30435,0.00084256,0.16406,0.40237,0.69274,0.26676,0.35983,0.036056,0.26317,0.02
0.19565,0.0017926,0.25781,0.45562,0.44693,0.1774,0.41457,0.015906,0.17504,0.04
0.065217,0.0028467,0.44531,0.59763,0.61453,0.046409,0.4076,0.011456,0.04573,1
0.1087,0.00099469,0.5,0.69822,0.52793,0.081197,0.35269,0.04693,0.080119,1
0,0.0033134,0.26563,0.28994,0.26257,0.0039244,0.45356,0.024445,0.0038913,1
0.30435,0.00059223,0.1875,0.4497,0.6257,0.26378,0.3939,0.03067,0.26023,0.02
0.23913,0.0013368,0.3125,0.62722,0.22346,0.21195,0.44111,0.009529,0.20903,0.04
0.086957,0.0035537,0.35938,0.52663,0.2905,0.079094,0.44866,0.017522,0.07837,0.4
0.065217,0.0021194,0.28125,0.34911,0.083799,0.052384,0.45223,0.017299,0.051748,0.4
0.17391,0.00069741,0.50781,0.82249,0.45251,0.14545,0.45479,0.012241,0.1435,0.2
0.17391,0.0012277,0.4375,0.69231,0.31844,0.15216,0.4581,0.016419,0.1501,0.2
0.30435,0.0011629,0.1875,0.4497,0.78771,0.26718,0.45966,0.025571,0.26359,0.02
0.23913,0.00098089,0.28906,0.57396,0.44693,0.20029,0.43323,0.009206,0.19759,0.04
0.23913,0.0011059,0.32031,0.6568,0.6648,0.21417,0.42143,0.011462,0.2113,0.04
0.086957,0.0037881,0.35938,0.52071,0.56983,0.095293,0.44681,0.0069001,0.094131,0.4
0.13043,0.0013415,0.38281,0.59172,0.69274,0.12038,0.43389,0.012934,0.11881,1
0.15217,0.001856,0.30469,0.50888,0.51955,0.14265,0.40899,0.0076861,0.14076,0.4
0.30435,0.0022893,0.14844,0.39645,0.69274,0.27971,0.44522,0.012813,0.27594,0.02
0.26087,0.02367,0.078125,0.16568,0.56983,0.25337,0.53369,0.035031,0.24968,0.0002
0.28261,0.0013696,0.17188,0.40828,0.57542,0.25039,0.41204,0.011597,0.24705,0.02
0.065217,0.0044966,0.44531,0.60947,0.46369,0.051713,0.41665,0.0097263,0.051323,1
0.23913,0.0068159,0.054688,0.10651,0.77654,0.22491,0.52056,0.02668,0.2221,0.0002
0.43478,0.015213,0.0078125,0.088757,0.68156,0.40803,0.41871,0.060977,0.40264,0.0002
0.26087,0.0010775,0.32031,0.64497,0.42644,0.22108,0.42978,0.010819,0.21813,0.04
0.28261,0.0010252,0.19531,0.45562,0.61453,0.25448,0.43279,0.0081073,0.25107,0.02
0.1087,0.0043829,0.42969,0.60355,0.29609,0.099639,0.47723,0.0093501,0.0985,0.4
0.26087,0.00081837,0.28906,0.59172,0.2905,0.2246,0.46154,0.018145,0.22161,0.04
0.086957,0.00083084,0.40625,0.55621,0.2905,0.079489,0.45097,0.020866,0.078408,0.2
0.13043,0.00071436,0.53906,0.88166,0.37989,0.11718,0.41277,0.016329,0.11561,0.2
0.065217,0.0022777,0.25781,0.33136,0.32402,0.042159,0.42702,0.0083747,0.041539,0.4
0.26087,0.0016428,0.078125,0.16568,0.93855,0.22796,0.55172,0.082844,0.22491,0.0002
0.26087,0.0010384,0.32031,0.71598,0.41899,0.23176,0.43768,0.0054909,0.22864,0.04
0.043478,0.0021018,0.33594,0.39053,0.067039,0.033611,0.44628,0.012625,0.033113,0.4
0.30435,0.00088982,0.17188,0.4142,0.67598,0.26127,0.37262,0.016476,0.25775,0.02
0.13043,0.0052524,0.35938,0.52071,0.57542,0.13257,0.43597,0.0048683,0.13064,0.4
0.47826,0.012553,0.0078125,0.071006,0.56983,0.42036,0.71769,0.19962,0.41465,0.0002
0.1087,0.0020661,0.39844,0.57396,0.75419,0.092139,0.38207,0.016666,0.090779,1
0.043478,0.0018061,0.375,0.4497,0.24022,0.029817,0.42853,0.0061465,0.029519,1
0.21739,0.00052123,0.23438,0.44379,0.18994,0.19776,0.5083,0.026011,0.19511,0.04
0.086957,0.00054432,0.48438,0.68639,0.49162,0.078371,0.43125,0.021659,0.077327,1
0.21739,0.0068894,0.32031,0.63314,0.92179,0.2188,0.51373,0.03259,0.2154,0.2
0.13043,0.0012371,0.39844,0.5858,0.56425,0.10582,0.41803,0.0091617,0.10445,1
0.19565,0.0014672,0.36719,0.63314,0.22905,0.17614,0.43445,0.010906,0.17384,0.2
0.30435,0.0011572,0.17188,0.42604,0.29609,0.2662,0.43358,0.025017,0.26262,0.02
0.19565,0.0026017,0.39063,0.85207,0.92179,0.18111,0.45961,0.0092739,0.17858,0.2
0.30435,0.0032468,0.125,0.33728,0.72067,0.28716,0.41769,0.0052389,0.28336,0.02
0.1087,0.00051324,0.46094,0.6568,0.46369,0.08954,0.48899,0.027148,0.088347,0.2
0,0.00078814,0.35156,0.40828,0.51955,0,0.49907,0.05156,0,1
0.45652,0.13436,0.015625,0.11243,0.90503,0.4167,0.55048,0.053737,0.40892,0.0002
0.065217,0.0028864,0.25781,0.33136,0.055866,0.040518,0.39974,0.013861,0.04014,0.4
0.086957,0.00079808,0.5,0.68639,0.26816,0.070613,0.45405,0.016716,0.069643,0.4
0.021739,0.01183,0.33594,0.46746,0.044693,0.059642,0.43547,0.0048316,0.058628,0.4
0.26087,0.00093335,0.28906,0.57988,0.36872,0.22488,0.44712,0.0097173,0.22184,0.04
0.021739,0.004039,0.26563,0.32544,0.31285,0.016521,0.4467,0.007922,0.01607,1
0.043478,0.0052838,0.44531,0.60947,0.35196,0.058706,0.41823,0.009532,0.058242,1
0.54348,0.008059,0,0.094675,0.74302,0.46324,0.40904,0.011598,0.4569,0.0002
0.23913,0.0013596,0.3125,0.61538,0.52514,0.20378,0.45102,0.014549,0.20105,0.04
0.19565,0.0010277,0.30469,0.52663,0.69274,0.16241,0.41061,0.015701,0.16025,0.04
0.21739,0.039811,0.054688,0.094675,0.8324,0.22798,0.47468,0.0049388,0.22541,0.0002
0.1087,0.0034972,0.38281,0.56805,0.7095,0.086464,0.41042,0.011291,0.085002,1
0.065217,0.0027891,0.39844,0.50888,0.42458,0.056334,0.4181,0.0096213,0.055714,1
0.086957,0.00064209,0.48438,0.67456,0.47486,0.075937,0.43546,0.013416,0.074945,1
0.13043,0.0017908,0.39844,0.5858,0.75978,0.097726,0.42363,0.008464,0.096431,1
0.23913,0.044713,0.054688,0.10651,0.81006,0.29323,0.44165,0.0055887,0.28948,0.0002
0.086957,0.0016991,0.39063,0.57396,0.44134,0.080333,0.44138,0.0087636,0.079262,0.2
0.19565,0.00094739,0.28906,0.49704,0.47486,0.1727,0.4509,0.0089218,0.17035,0.04
0,0.0053829,0.36719,0.28994,0.24022,0.021982,0.44468,0.005897,0.021326,1
0.1087,0.041501,0.5,0.69822,0.98324,0.17278,0.45363,0.0061877,0.16845,0.4
0.23913,0.0038578,0.1875,0.36686,0.69832,0.20961,0.40505,0.015839,0.20671,0.02
0.19565,0.00089098,0.28906,0.49704,0.36313,0.16532,0.50555,0.035492,0.16312,0.04
0.043478,0.0028276,0.33594,0.4142,0.15084,0.048993,0.44472,0.0077683,0.048438,0.4
0.1087,0.0012953,0.35938,0.52663,0.62011,0.090006,0.45386,0.0087194,0.088899,1
0.065217,0.0013862,0.4375,0.57396,0.50279,0.058714,0.43156,0.0089626,0.057906,0.2
0.26087,0.00096814,0.35156,0.71006,0.96089,0.21801,0.50272,0.036039,0.21506,0.04
0.19565,0.00074646,0.30469,0.52663,0.56983,0.16304,0.48245,0.035357,0.16086,0.04
0.19565,0.00044627,0.3125,0.55621,0.26257,0.16687,0.45118,0.013986,0.16463,0.2
0.30435,0.0022154,0.13281,0.31361,0.76536,0.26735,0.46555,0.0059886,0.26375,0.02
0.21739,0.0010179,0.24219,0.46154,0.3352,0.19121,0.38785,0.026236,0.18862,0.04
0.15217,0.0096984,0.39063,0.60947,0.9162,0.12784,0.45231,0.018709,0.1254,1
0.15217,0.0044764,0.4375,0.72781,0.16201,0.14742,0.4221,0.007101,0.14559,0.2
0.1087,0.0014656,0.38281,0.56805,0.35009,0.098925,0.45449,0.014554,0.097593,0.2
0.28261,0.0013697,0.17969,0.39645,0.41899,0.24376,0.52534,0.074317,0.24048,0.02
0.26087,0.0014298,0.26563,0.56213,0.34078,0.23063,0.46665,0.0090835,0.22751,0.04
0.28261,0.00096506,0.17969,0.39645,0.44693,0.24179,0.44704,0.021331,0.23854,0.02
0.28261,0.0011493,0.21875,0.48521,0.65363,0.25276,0.44921,0.0046752,0.24937,0.02
0.065217,0.0021538,0.28125,0.36095,0.11732,0.05107,0.43758,0.012581,0.050317,0.4
0.30435,0.00063548,0.1875,0.4497,0.81564,0.26971,0.50365,0.023055,0.26608,0.02
0.15217,0.00074089,0.48438,0.76331,0.31285,0.13222,0.41966,0.015316,0.13046,0.2
0,0.0049168,0.26563,0.30769,0.39106,0.0081725,0.40882,0.022234,0.0083236,1
0,0.0032677,0.33594,0.40237,0.43017,0.018556,0.46365,0.009826,0.018511,1
0.17391,0.0030064,0.38281,0.63314,0.39665,0.16032,0.44335,0.0062116,0.15818,0.2
0.1087,0.0027656,0.42188,0.63905,0.44693,0.11063,0.4569,0.010933,0.10899,0.4
0.30435,0.0017126,0.14844,0.38462,0.7095,0.27668,0.49118,0.01845,0.27297,0.02
0.1087,0.0022871,0.42188,0.59763,0.62011,0.096656,0.45353,0.0070117,0.095245,1
0.065217,0.0013142,0.27344,0.34911,0.01676,0.053222,0.46517,0.015568,0.052552,0.4
0.23913,0.00073363,0.30469,0.6568,0.44134,0.21648,0.43467,0.014393,0.21359,0.04
0.1087,0.0021722,0.35938,0.57988,0.7933,0.095373,0.42682,0.0075144,0.094141,1
0.45652,0.063081,0.015625,0.10059,0.7486,0.42812,0.5098,0.049094,0.42213,0.0002
0.13043,0.001499,0.36719,0.5503,0.32402,0.10338,0.43885,0.010926,0.10197,0.2
0.30435,0.0016594,0.15625,0.37278,0.63128,0.27566,0.46718,0.0072418,0.27193,0.02
0.34783,0.0013283,0.078125,0.21302,0.70391,0.29439,0.31068,0.12278,0.29043,0.0002
0.1087,0.0031335,0.41406,0.64497,0.38547,0.11017,0.44469,0.006238,0.109,0.4
0.086957,0.0012183,0.40625,0.55621,0.39665,0.070879,0.43022,0.017364,0.069961,0.2
0.30435,0.0013908,0.17188,0.42604,0.38547,0.26191,0.42565,0.0098252,0.25837,0.02
0.32609,0.041936,0.046875,0.11834,0.74302,0.33794,0.45047,0.0038025,0.33398,0.0002
0.19565,0.00065474,0.36719,0.63314,0.30726,0.16615,0.44862,0.013066,0.16392,0.2
0.19565,0.00089182,0.28906,0.49704,0.51955,0.16454,0.52804,0.038442,0.16235,0.04
0.13043,0.0011195,0.35938,0.53254,0.4581,0.10106,0.43102,0.007107,0.099717,0.4
0.065217,0.0075263,0.42188,0.57396,0.2905,0.077323,0.4363,0.0059955,0.076444,0.4
0.19565,0.0015584,0.28906,0.49704,0.32402,0.16764,0.50492,0.019262,0.16544,0.04
0.1087,0.00038946,0.46094,0.6568,0.40223,0.090288,0.48905,0.025216,0.089081,0.2
0.28261,0.0017884,0.19531,0.42604,0.69832,0.25481,0.45265,0.0038989,0.2514,0.02
0.32609,0.021916,0.046875,0.11834,0.73184,0.27704,0.49835,0.023084,0.27295,0.0002
0.23913,0.0008816,0.28906,0.57396,0.25698,0.2108,0.4406,0.014575,0.20799,0.04
0.32609,0.0010407,0.15625,0.42012,0.69832,0.28526,0.42673,0.013804,0.28142,0.02
0.43478,0.045773,0.015625,0.088757,0.80447,0.35454,0.37045,0.014318,0.34961,0.0002
0.54348,0.011801,0,0.094675,0.78771,0.4573,0.38783,0.021423,0.4508,0.0002
0.13043,0.0062918,0.42188,0.63905,0.49162,0.11419,0.45385,0.0089616,0.11269,0.4
0.065217,0.00058015,0.39844,0.50888,0.3743,0.044157,0.43714,0.022676,0.043571,1
0.26087,0.0006109,0.3125,0.69231,0.88827,0.23688,0.42813,0.0092855,0.23369,0.04
0.065217,0.0013423,0.28125,0.35503,0,0.049444,0.49491,0.012587,0.04881,0.4
0.19565,0.0031992,0.45313,0.72189,0.22346,0.17566,0.45723,0.0074091,0.17337,0.2
0.1087,0.0068078,0.42969,0.61538,0.27374,0.087759,0.428,0.0084379,0.086551,0.4
0.1087,0.00096345,0.46875,0.69822,0.32402,0.10115,0.45567,0.010318,0.099807,0.2
0.26087,0.0075863,0.078125,0.16568,0.64246,0.24901,0.48189,0.020403,0.24552,0.0002
0.065217,0.00092288,0.27344,0.34911,0.011173,0.047926,0.43165,0.021841,0.047292,0.4
0.21739,0.038196,0.054688,0.094675,0.81564,0.22482,0.48086,0.0065886,0.22199,0.0002
0.26087,0.00025519,0.35156,0.71006,0.50838,0.21497,0.42576,0.030994,0.21207,0.04
0.065217,0.0028404,0.44531,0.60947,0.56425,0.054645,0.42655,0.010556,0.054165,1
0.15217,0.0012656,0.48438,0.79882,0.18436,0.13117,0.41744,0.012181,0.12944,0.2
0.19565,0.00080804,0.25781,0.46746,0.4581,0.17884,0.39915,0.023206,0.17644,0.04
0.30435,0.0023062,0.15625,0.38462,0.55307,0.27868,0.48225,0.013841,0.27495,0.02
0.17391,0.00090116,0.38281,0.68639,0.2905,0.15921,0.43148,0.0087437,0.15708,0.2
0.17391,0.00062804,0.28906,0.48521,0.36872,0.15622,0.47797,0.022336,0.15412,0.04
0.21739,0.00067312,0.29688,0.53846,0.44693,0.18242,0.41493,0.020713,0.17997,0.04
0.28261,0.0011466,0.17969,0.38462,0.46369,0.22883,0.3919,0.010004,0.22574,0.02
0.086957,0.0014543,0.46094,0.68639,0.49162,0.073068,0.39259,0.019162,0.072077,1
0.26087,0.0012398,0.34375,0.73373,0.63128,0.22829,0.45262,0.0087283,0.22522,0.04
0.13043,0.00056935,0.49219,0.7574,0.35196,0.11042,0.41845,0.013905,0.10894,0.2
0.26087,0.00091844,0.32031,0.66864,0.36313,0.23267,0.44762,0.0094975,0.22954,0.04
0.13043,0.00040115,0.42188,0.63905,0.4581,0.11858,0.44429,0.018213,0.11699,1
0.19565,0.0017386,0.25781,0.46746,0.34637,0.17881,0.40581,0.016141,0.17644,0.04
0.26087,0.00070602,0.30469,0.63905,0.51397,0.23398,0.437,0.012193,0.23083,0.04
0.26087,0.00071519,0.32813,0.69822,0.49721,0.22562,0.44844,0.0064962,0.2226,0.04
0.30435,0.00026336,0.16406,0.40237,0.72067,0.26864,0.3848,0.089674,0.26502,0.02
0.1087,0.0021191,0.39844,0.5858,0.75419,0.092014,0.38711,0.01506,0.090699,1
0.13043,0.0058253,0.42188,0.63905,0.44134,0.10907,0.45627,0.0091651,0.10768,0.4
0.19565,0.00077195,0.39844,0.66272,0.17877,0.1765,0.43948,0.012268,0.17411,0.2
0.043478,0.001346,0.3125,0.39053,0.37989,0.037682,0.41671,0.019529,0.037162,1
0.21739,0.0010526,0.25781,0.46746,0.41899,0.18109,0.41694,0.019085,0.17864,0.04
0.26087,0.001047,0.32031,0.69822,0.54749,0.22868,0.46193,0.0082018,0.22561,0.04
0.21739,0.0010082,0.28125,0.52663,0.43017,0.18327,0.39924,0.010646,0.18078,0.04
0.23913,0.00073607,0.28906,0.57396,0.43017,0.20161,0.43504,0.0051069,0.19889,0.04
0.086957,0.019784,0.4375,0.71598,0.90503,0.12195,0.4619,0.0070546,0.12038,0.4
0.086957,0.0055553,0.4375,0.60947,0.35754,0.092941,0.43312,0.011551,0.091119,0.4
0.23913,0.0008961,0.33594,0.66272,0.49721,0.20811,0.43754,0.015534,0.20531,0.04
0.1087,0.0020199,0.5,0.69822,0.44134,0.080319,0.37617,0.023752,0.079262,1
0.26087,0.00058856,0.32031,0.68047,0.29609,0.23422,0.44093,0.011139,0.23107,0.04
0.043478,0.0082925,0.42969,0.60947,0.29609,0.084727,0.42592,0.0060631,0.082854,0.4
0.26087,0.0023576,0.17188,0.40828,0.58101,0.24738,0.42635,0.0051083,0.24406,0.02
0.45652,0.15862,0.015625,0.11243,0.90503,0.43042,0.53017,0.034752,0.42252,0.0002
0.043478,0.0024526,0.33594,0.4497,0.2514,0.028133,0.42112,0.0080967,0.027732,1
0.30435,0.0014655,0.17188,0.43787,0.44693,0.26844,0.42858,0.013531,0.26484,0.02
0.13043,0.00052465,0.38281,0.56805,0.22346,0.10638,0.42639,0.010737,0.10496,0.2
0.17391,0.0052193,0.47656,0.78107,0.83799,0.16776,0.50025,0.018046,0.16529,0.2
0.30435,0.0012313,0.1875,0.4497,0.78771,0.2701,0.48529,0.023409,0.26646,0.02
0.086957,0.001616,0.25781,0.34911,0.19553,0.078137,0.45419,0.010852,0.077067,0.4
0.21739,0.00090052,0.33594,0.61538,0.64246,0.19753,0.44336,0.0072091,0.1949,0.04
0.1087,0.00039825,0.35938,0.52071,0.45251,0.096186,0.42959,0.0083966,0.094904,0.4
0.13043,0.0013991,0.46875,0.69822,0.18436,0.1177,0.42692,0.0064705,0.11618,0.2
0.23913,0.0041852,0.22656,0.54438,0.98324,0.23142,0.44809,0.0056754,0.22802,0.04
0.43478,0.0029952,0.015625,0.088757,0.79888,0.38626,0.33148,0.0904,0.38108,0.0002
0.065217,0.0058733,0.35938,0.49704,0.41899,0.074222,0.46261,0.0072322,0.073334,0.4
0.19565,0.00066706,0.30469,0.52663,0.53631,0.1637,0.49772,0.032649,0.1615,0.04
0.34783,0.0081292,0.054688,0.15385,0.95531,0.27384,0.40887,0.0063916,0.27002,0.0002
0.26087,0.0011138,0.33594,0.68639,0.35196,0.22149,0.46615,0.021879,0.21851,0.04
0.086957,0.040356,0.5,0.69822,0.95531,0.15243,0.45416,0.004743,0.14907,0.4
0.065217,0.0067843,0.4375,0.60947,0.34078,0.089876,0.4314,0.0093628,0.087988,0.4
0.26087,0.00076061,0.19531,0.42604,0.50838,0.23366,0.41648,0.0077744,0.23052,0.02
0.13043,0.00051875,0.36719,0.55621,0.69274,0.11445,0.41672,0.02248,0.11291,1
0.1087,0.00069648,0.35938,0.52071,0.46927,0.096829,0.44913,0.0099842,0.095535,0.4
0.41304,0.0083578,0.046875,0.18935,0.73743,0.33333,0.42617,0.0030941,0.32882,0.0002
0.23913,0.0016881,0.054688,0.10651,0.82123,0.21209,0.98796,0.784,0.20925,0.0002
0.17391,0.00099478,0.40625,0.63314,0.45251,0.15528,0.43833,0.0099051,0.15318,0.2
0.23913,0.00062675,0.24219,0.46154,0.3352,0.19731,0.40159,0.032146,0.19467,0.04
0.086957,0.00096967,0.46094,0.63314,0.30726,0.07739,0.41551,0.025767,0.07636,1
0.30435,0.001353,0.1875,0.4497,0.67598,0.26582,0.42277,0.012144,0.26228,0.02
0.28261,0.0018131,0.21875,0.48521,0.52514,0.24615,0.44302,0.0088582,0.24283,0.02
0.23913,0.00050424,0.35156,0.69822,0.57542,0.21742,0.44431,0.013811,0.2145,0.04
0.1087,0.001314,0.5,0.74556,0.47486,0.081587,0.37682,0.024862,0.080557,1
0.1087,0.00061277,0.34375,0.47929,0.2905,0.085611,0.42964,0.032455,0.08447,0.2
0.26087,0.00060836,0.29688,0.63314,0.49162,0.22085,0.454,0.017979,0.21787,0.04
0.043478,0.0025475,0.375,0.46154,0.34916,0.019979,0.40391,0.0094227,0.019798,1
0.34783,0.0039432,0.078125,0.21302,0.75978,0.28851,0.40319,0.014487,0.28467,0.0002
0.17391,0.0015783,0.41406,0.6213,0.32961,0.15537,0.45103,0.010916,0.15325,0.2
0.23913,0.0015986,0.28906,0.59172,0.36872,0.21708,0.44225,0.02603,0.21418,0.04
0.28261,0.001459,0.21875,0.48521,0.64246,0.25193,0.44349,0.0094447,0.24854,0.02
0.26087,0.00056579,0.32031,0.6568,0.56425,0.22144,0.42645,0.018562,0.21847,0.04
0.23913,0.0011029,0.30469,0.61538,0.21788,0.21018,0.46927,0.012079,0.20735,0.04
0.13043,0.0014059,0.39063,0.5858,0.63687,0.11038,0.41598,0.0091891,0.10888,1
0.19565,0.0012874,0.29688,0.52663,0.68715,0.16731,0.42826,0.010234,0.16507,0.04
0.30435,0.00076545,0.17188,0.43787,0.51397,0.27008,0.40782,0.016554,0.26645,0.02
0.34783,0.006259,0.0625,0.21893,0.86592,0.31816,0.38646,0.014625,0.31385,0.0002
0.086957,0.0027296,0.35938,0.52071,0.57542,0.091793,0.45076,0.010434,0.090786,0.4
0.26087,0.00033868,0.20313,0.42012,0.46927,0.22055,0.42978,0.023362,0.2176,0.02
0.17391,0.0024096,0.45313,0.74556,0.22905,0.1495,0.42446,0.014922,0.14752,0.2
0.19565,0.0015568,0.34375,0.49704,0.34358,0.17172,0.50972,0.034832,0.16942,0.2
0.17391,0.002319,0.28906,0.46746,0.4581,0.16028,0.43739,0.0061827,0.1581,0.04
0.065217,0.0019489,0.42969,0.57396,0.63687,0.070428,0.45243,0.0047968,0.069431,0.2
0.19565,0.0014347,0.25781,0.46746,0.36127,0.17302,0.4335,0.0060566,0.17062,0.04
0.30435,0.0014213,0.1875,0.4497,0.31285,0.2659,0.42566,0.015939,0.26233,0.02
0.23913,0.011327,0.078125,0.15385,0.92737,0.24413,0.44709,0.0051745,0.24097,0.0002
0.23913,0.00084984,0.35938,0.68639,0.65363,0.20116,0.45512,0.014357,0.19846,0.04
0.065217,0.0023887,0.42969,0.60355,0.63687,0.08032,0.43115,0.0073016,0.079294,0.2
0.043478,0.0025356,0.3125,0.39053,0.15084,0.049617,0.43656,0.01422,0.048776,0.4
0.23913,0.002047,0.32031,0.6568,0.44134,0.22079,0.47507,0.015886,0.21777,0.04
0.30435,0.001019,0.16406,0.42604,0.6257,0.27005,0.40077,0.028298,0.26643,0.02
0.17391,0.0008075,0.5,0.87574,0.83799,0.1472,0.44669,0.0094035,0.14525,0.2
0.26087,0.0011623,0.20313,0.45562,0.4581,0.23852,0.42983,0.0091283,0.23534,0.02
0.15217,0.0074634,0.39063,0.6213,0.9162,0.11946,0.42066,0.015577,0.11741,1
0.26087,0.00043001,0.35156,0.66864,0.48603,0.22018,0.42424,0.01591,0.21722,0.04
0.32609,0.0029629,0.054688,0.14201,0.68156,0.27935,0.32835,0.060869,0.27561,0.0002
0.34783,0.004836,0.125,0.32544,0.69274,0.29025,0.41328,0.011378,0.28635,0.02
0.065217,0.0011866,0.36719,0.47929,0.57542,0.052288,0.42374,0.015084,0.051582,1
0.086957,0.0016554,0.46875,0.66272,0.43017,0.074662,0.36354,0.032214,0.073728,1
0.45652,0.058517,0.015625,0.11243,0.74302,0.4012,0.48265,0.029777,0.39509,0.0002
0.1087,0.0019238,0.5,0.74556,0.50279,0.08051,0.37336,0.028594,0.079371,1
0.21739,0.041432,0.054688,0.094675,0.75419,0.23168,0.46765,0.0044652,0.2295,0.0002
0.065217,0.0034594,0.27344,0.34911,0.067039,0.065045,0.45979,0.010514,0.064267,0.4
0.28261,0.0023191,0.17188,0.43787,0.63128,0.26316,0.41203,0.0077151,0.25959,0.02
0.065217,0.0033231,0.39844,0.52071,0.67039,0.042875,0.41615,0.010086,0.042295,1
0.23913,0.00054192,0.35156,0.69822,0.58659,0.21581,0.46622,0.01798,0.21292,0.04
0.13043,0.0037143,0.33594,0.52071,0.50838,0.13007,0.43945,0.0065233,0.12821,0.4
0.23913,0.0013375,0.35938,0.68639,0.53631,0.2115,0.47129,0.010538,0.20867,0.04
0.19565,0.00049089,0.36719,0.5858,0.26816,0.16688,0.4663,0.01161,0.16465,0.2
0.23913,0.00097634,0.33594,0.68639,0.43017,0.20357,0.45323,0.0087129,0.20084,0.04
0.43478,0.021828,0.015625,0.088757,0.81564,0.37016,0.32744,0.039115,0.36517,0.0002
0.21739,0.0038466,0.39063,0.69822,0.9162,0.20224,0.50015,0.023823,0.19924,0.2
0.1087,0.0024158,0.42969,0.61538,0.21229,0.090616,0.48967,0.017468,0.089567,0.4
0.13043,0.00030398,0.38281,0.56805,0.57542,0.11309,0.47068,0.010376,0.11157,1
0.19565,0.0011847,0.35156,0.66272,0.17877,0.17642,0.432,0.012996,0.17406,0.2
0.30435,0.0020535,0.10156,0.25444,0.76536,0.27383,0.43977,0.0047508,0.27018,0.02
0.043478,0.010336,0.42188,0.57396,0.32961,0.067962,0.44386,0.0050563,0.06721,0.4
0.1087,0.00887,0.42969,0.61538,0.12849,0.068568,0.45111,0.004793,0.067649,0.4
0.26087,0.00070814,0.19531,0.42604,0.50838,0.23418,0.42308,0.0076914,0.23103,0.02
0.21739,0.00021909,0.29688,0.53846,0.60335,0.17916,0.41003,0.020949,0.17675,0.04
0.28261,0.0021772,0.16406,0.40237,0.43575,0.25209,0.41673,0.0076594,0.24876,0.02
0.26087,0.00063865,0.28125,0.60355,0.43017,0.23261,0.41943,0.019052,0.22949,0.04
0.1087,0.00065506,0.42188,0.62722,0.31285,0.10237,0.4705,0.015768,0.10099,0.2
0.1087,0.001526,0.34375,0.49112,0.49721,0.086611,0.41905,0.01244,0.085368,1
0.23913,0.00060393,0.33594,0.68639,0.36872,0.21633,0.44316,0.015519,0.21344,0.04
0.21739,0.00081104,0.29688,0.53846,0.49721,0.18281,0.416,0.015688,0.18037,0.04
0.17391,0.00061769,0.41406,0.69231,0.34637,0.14786,0.44456,0.022572,0.14588,0.2
0.21739,0.0012624,0.30469,0.66272,0.2067,0.1848,0.40872,0.012716,0.18237,0.2
0.086957,0.0028474,0.32813,0.49112,0.55307,0.083425,0.46052,0.0080021,0.082346,0.4
0.21739,0.00072976,0.42969,0.7574,0.21229,0.18267,0.44009,0.010014,0.18022,0.2
0.15217,0.00067282,0.38281,0.59172,0.54749,0.129,0.46218,0.0091631,0.12728,1
0.32609,0.0029324,0.17969,0.49112,0.3743,0.27639,0.41619,0.005595,0.27248,0.02
0.17391,0.0036715,0.45313,0.7929,0.15642,0.15002,0.42015,0.0088876,0.14783,0.2
0.13043,0.0012225,0.38281,0.56805,0.60894,0.11661,0.45072,0.014332,0.11509,1
0.13043,0.0013933,0.39063,0.5858,0.53073,0.10731,0.41805,0.0075014,0.10588,1
0.19565,0.0012186,0.28906,0.49704,0.43575,0.16937,0.51249,0.021419,0.16712,0.04
0.26087,0.0017618,0.32031,0.66864,0.44972,0.22722,0.45791,0.0083491,0.22425,0.04
0.30435,0.00091454,0.1875,0.4497,0.59777,0.25974,0.37735,0.019162,0.25625,0.02
0.15217,0.0051367,0.41406,0.65089,0.35754,0.13087,0.44126,0.010349,0.12966,0.4
0.28261,0.00069755,0.19531,0.45562,0.43575,0.24038,0.41278,0.015498,0.23715,0.02
0.26087,0.00076754,0.35156,0.69822,0.51955,0.22417,0.44002,0.0077886,0.22114,0.04
0.23913,0.00089301,0.28906,0.57396,0.48045,0.20171,0.42939,0.0061463,0.19901,0.04
0.043478,0.0030466,0.46875,0.57396,0.24022,0.052529,0.46553,0.013096,0.052004,0.4
0.19565,0.0011314,0.28906,0.52663,0.44693,0.16938,0.45731,0.0082245,0.1671,0.04
0.28261,0.0012748,0.17188,0.42604,0.57542,0.25948,0.42742,0.0044258,0.256,0.02
0.21739,0.0010347,0.36719,0.62722,0.54749,0.19942,0.47199,0.015651,0.19674,0.04
0.30435,0.0021995,0.15625,0.37278,0.64804,0.27375,0.46439,0.0054724,0.27003,0.02
0.30435,0.00074287,0.16406,0.40237,0.7486,0.26454,0.37367,0.027186,0.26098,0.02
0.30435,0.0026299,0.13281,0.31361,0.76536,0.26761,0.52686,0.023242,0.26402,0.02
0.1087,0.0025966,0.46094,0.66272,0.43017,0.078319,0.2668,0.22575,0.07719,1
0.36957,0.046734,0.023438,0.076923,0.75419,0.30582,0.4185,0.010842,0.30104,0.0002
0.086957,0.0021534,0.40625,0.57396,0.35754,0.072299,0.44989,0.0094458,0.071482,0.2
0.28261,0.0020196,0.16406,0.42604,0.67598,0.25878,0.42201,0.004228,0.25531,0.02
0.1087,0.0015669,0.42969,0.5858,0.74302,0.10042,0.45331,0.0052661,0.099122,1
0.23913,0.001441,0.28906,0.57988,0.30726,0.22084,0.4462,0.0078963,0.21791,0.04
0.28261,0.00050808,0.19531,0.42604,0.42458,0.2386,0.40038,0.013833,0.2354,0.02
0.1087,0.025128,0.5,0.69822,0.95531,0.14853,0.45215,0.005739,0.14506,0.4
0.043478,0.00099356,0.375,0.46154,0.24022,0.035012,0.43507,0.0080638,0.034541,1
0.13043,0.0013795,0.36719,0.55621,0.63687,0.11279,0.39228,0.022729,0.11128,1
0.26087,0.0011602,0.35938,0.74556,0.63128,0.22796,0.44851,0.011225,0.22492,0.04
0.23913,0.03677,0.054688,0.10651,0.79888,0.25037,0.50127,0.015261,0.24743,0.0002
0.17391,0.00074026,0.52344,0.82249,0.46369,0.14469,0.46271,0.011811,0.14275,0.2
0.19565,0.0012644,0.29688,0.52663,0.39106,0.17556,0.42671,0.0086096,0.17318,0.04
0.34783,0.0043436,0.070313,0.20118,0.86034,0.29933,0.42916,0.021313,0.29529,0.0002
0.086957,0.0059025,0.35938,0.50888,0.39106,0.077739,0.44454,0.013502,0.077249,0.4
0.13043,0.00093662,0.39844,0.5858,0.74302,0.10216,0.42437,0.0092891,0.10077,1
0.21739,0.00022929,0.29688,0.53846,0.59777,0.18019,0.47078,0.072485,0.17777,0.04
0.23913,0.0026583,0.33594,0.61538,0.60335,0.20425,0.34752,0.13298,0.20158,0.04
0.065217,0.0013485,0.4375,0.57396,0.44693,0.065625,0.47681,0.012376,0.064766,0.2
0.065217,0.0036822,0.46094,0.66272,0.36313,0.071428,0.40434,0.01062,0.070518,1
0.28261,0.0018164,0.16406,0.43787,0.60894,0.26537,0.38976,0.010457,0.26183,0.02
0.30435,0.00060143,0.16406,0.40237,0.72626,0.26646,0.33822,0.043389,0.26287,0.02
0.1087,0.0011713,0.34375,0.49112,0.54749,0.099394,0.43344,0.01635,0.098048,1
0.17391,0.00088975,0.28906,0.50888,0.32961,0.15475,0.45611,0.026077,0.15267,0.04
0.26087,0.0009186,0.28906,0.62722,0.97765,0.23494,0.46959,0.017716,0.23178,0.2
0.26087,0.0017089,0.35156,0.69822,1,0.22288,0.50408,0.019509,0.21991,0.04
0.043478,0.0011712,0.3125,0.39053,0.072626,0.043736,0.46976,0.0082327,0.043175,0.4
0.34783,0.0054134,0.0625,0.20118,0.82123,0.30234,0.42212,0.009853,0.2983,0.0002
0.065217,0.0079814,0.38281,0.57396,0.2514,0.096524,0.40943,0.009275,0.094643,0.4
0.30435,0.00054381,0.1875,0.43787,0.67598,0.27378,0.47549,0.014452,0.27011,0.02
0.15217,0.00062902,0.38281,0.59172,0.68156,0.12428,0.44301,0.014294,0.12261,1
0.28261,0.00569,0.078125,0.17751,0.89944,0.26053,0.50781,0.021354,0.25687,0.0002
0.23913,0.0007705,0.23438,0.44379,0.73743,0.20172,0.50356,0.012739,0.199,0.02
0.15217,0.0072082,0.39063,0.59763,0.93296,0.14237,0.48551,0.021234,0.13999,1
0,0.0036051,0.28906,0.3432,0.3352,0.018966,0.43315,0.0089259,0.018672,1
0.065217,0.0009995,0.40625,0.57396,0.45251,0.067153,0.43797,0.0070911,0.066252,0.2
0.26087,0.0006476,0.21094,0.43195,0.50838,0.21757,0.39933,0.023774,0.21467,0.02
0.1087,0.0023202,0.42969,0.66272,0.35754,0.10322,0.42818,0.0069606,0.10192,0.4
0.17391,0.0044668,0.35938,0.59172,0.41899,0.13131,0.39576,0.010152,0.12962,0.4
0.26087,0.0034697,0.1875,0.4497,0.59218,0.24881,0.42477,0.0037752,0.24553,0.02
0.95652,0.56897,1,0,0.41341,0.97569,0.55326,0.043911,0.96932,0.0002
0.23913,0.0038578,0.1875,0.36686,0.69832,0.20961,0.40505,0.015839,0.20671,0.02
0.26087,0.0011157,0.22656,0.45562,0.67039,0.22339,0.4947,0.015631,0.22036,0.02
0,0.0044516,0.26563,0.30769,0.38547,0.015432,0.40932,0.024302,0.015384,1
0.1087,0.0015479,0.4375,0.64497,0.49162,0.091601,0.43985,0.0079068,0.090372,0.4
0.26087,0.0013856,0.20313,0.40828,0.60335,0.21842,0.47924,0.020137,0.21552,0.02
0.23913,0.00082574,0.28906,0.60947,0.41341,0.2154,0.44906,0.015943,0.21251,0.04
0.26087,0.00035408,0.35156,0.69822,0.48603,0.21723,0.44168,0.017175,0.21431,0.04
0.30435,0.00048617,0.17188,0.4497,0.82123,0.2699,0.49369,0.027964,0.26627,0.02
0.13043,0.0024141,0.41406,0.66864,0.35196,0.12726,0.45442,0.012707,0.12564,0.4
0.95652,0.71831,0.99609,0,0.41341,0.87592,0.54489,0.042274,0.87325,0.0002
0.065217,0.0028026,0.39844,0.52071,0.67039,0.042416,0.42312,0.0085512,0.041828,1
0.21739,0.0010762,0.25781,0.44379,0.29609,0.18124,0.42429,0.022744,0.17882,0.04
0.1087,0.0020855,0.38281,0.56805,0.73743,0.095307,0.40946,0.012529,0.094014,1
0.32609,0.037396,0.046875,0.11834,0.77095,0.31392,0.46472,0.0055965,0.30951,0.0002
0.26087,0.00069548,0.32031,0.68047,0.36872,0.22552,0.4391,0.011825,0.22249,0.04
0.26087,0.00084177,0.35156,0.71598,0.36313,0.22904,0.45066,0.0047237,0.22593,0.04
0.17391,0.0034417,0.30469,0.49704,0.51955,0.16553,0.49139,0.013405,0.16343,0.4
0.6087,0.22084,0.0078125,0.053254,0.41341,0.57704,0.61357,0.11522,0.57307,0.0002
0.065217,0.001572,0.28125,0.36095,0.094972,0.051205,0.43413,0.014764,0.050487,0.4
0.17391,0.0010166,0.40625,0.68639,0.44693,0.15535,0.43796,0.010551,0.15324,0.2
0.13043,0.0059255,0.375,0.5858,0.25698,0.10832,0.40736,0.0087671,0.10682,0.4
0.26087,0.00088989,0.078125,0.16568,0.86034,0.23661,0.41619,0.062992,0.23343,0.0002
0.45652,0.030676,0.015625,0.11243,0.72067,0.38141,0.40081,0.011244,0.37669,0.0002
0.21739,0.00037941,0.29688,0.53846,0.63687,0.18111,0.41627,0.052677,0.17868,0.04
0.23913,0.0045603,0.1875,0.36686,0.72067,0.20139,0.40749,0.012171,0.19867,0.02
0.30435,0.0013838,0.15625,0.42604,0.70391,0.26705,0.39394,0.018374,0.26346,0.02
0.17391,0.012252,0.42969,0.59172,0.50279,0.11158,0.4402,0.0028801,0.11015,0.4
0.19565,0.00078669,0.40625,0.69822,0.2905,0.16518,0.45262,0.013379,0.163,0.2
0.26087,0.0011001,0.28906,0.62722,0.91061,0.23514,0.46856,0.013341,0.23198,0.04
0.065217,0.0035666,0.44531,0.47929,0.69832,0.051898,0.40261,0.011749,0.051345,1
0.26087,0.00056998,0.28906,0.69231,0.78771,0.23624,0.41524,0.011219,0.23306,0.04
0.28261,0.00054704,0.17969,0.39645,0.46927,0.23925,0.33698,0.042953,0.23604,0.02
0.086957,0.00094609,0.44531,0.6213,0.36313,0.073093,0.42532,0.011582,0.072142,0.4
0.26087,0.00087472,0.35156,0.69822,0.50838,0.22332,0.43852,0.0066125,0.22031,0.04
0.15217,0.0012442,0.375,0.61538,0.43575,0.13422,0.42886,0.0070893,0.13241,0.2
0.086957,0.0024966,0.5,0.68639,0.55866,0.076033,0.36506,0.026094,0.074932,1
0.23913,0.071745,0.054688,0.10651,0.81006,0.28973,0.45073,0.00042274,0.28709,0.0002
0.13043,0.0010283,0.45313,0.67456,0.18436,0.11318,0.4501,0.0097325,0.11169,0.2
0.45652,0.1694,0.015625,0.11243,0.7486,0.42738,0.5419,0.042932,0.41817,0.0002
0.30435,0.0038758,0.13281,0.31361,0.68715,0.27304,0.49214,0.0090706,0.26943,0.02
0.36957,0.033303,0.023438,0.076923,0.65922,0.28983,0.42594,0.0065006,0.28612,0.0002
0,0.0020413,0.28906,0.33136,0.36313,0.0012932,0.45391,0.016708,0.0013442,1
0.26087,0.00064927,0.38281,0.74556,0.6257,0.22613,0.47925,0.015195,0.22309,0.04
0.17391,0.0011077,0.45313,0.74556,0.36313,0.14914,0.48679,0.019422,0.14712,0.2
0.19565,0.00090474,0.53125,0.94083,0.21788,0.17026,0.41513,0.012457,0.16801,0.2
0.34783,0.0038825,0.078125,0.22485,0.75419,0.29236,0.39387,0.017825,0.28839,0.0002
0.23913,0.00065121,0.33594,0.61538,0.51397,0.21034,0.43796,0.013359,0.20753,0.04
0.30435,0.0014404,0.17188,0.43787,0.72067,0.26329,0.41399,0.0076764,0.25978,0.02
0.065217,0.004495,0.33594,0.49704,0.44134,0.033491,0.40475,0.01104,0.033135,1
0.26087,0.00075784,0.35156,0.69822,0.49721,0.22512,0.45368,0.0074571,0.22207,0.04
0.086957,0.00089932,0.42969,0.57396,0.32961,0.086814,0.43922,0.0088181,0.085651,0.2
0.32609,0.0022697,0.046875,0.11834,0.78212,0.27571,0.80774,0.36477,0.27199,0.0002
0.26087,0.00085191,0.29688,0.63314,0.46927,0.22253,0.47689,0.019947,0.21954,0.04
0.065217,0.0053468,0.375,0.50888,0.2067,0.064561,0.4305,0.010286,0.064314,0.4
0.15217,0.001029,0.45313,0.67456,0.48045,0.12915,0.44992,0.0077098,0.12742,0.2
0.32609,0.0015007,0.046875,0.11834,0.74302,0.27537,0.86514,0.48247,0.27166,0.0002
0.26087,0.00094759,0.20313,0.40828,0.47486,0.22373,0.4487,0.0090358,0.2207,0.02
0.30435,0.00055766,0.1875,0.4497,0.63128,0.26044,0.38541,0.01855,0.25695,0.02
0.1087,0.0011008,0.54688,0.78107,0.38547,0.099999,0.50899,0.025953,0.098668,0.2
0.28261,0.0008701,0.17969,0.39645,0.39106,0.24132,0.40357,0.031082,0.23808,0.02
0.086957,0.0063349,0.42969,0.71598,0.46369,0.099424,0.47597,0.0079418,0.097977,0.4
0.23913,0.0099589,0.054688,0.10651,0.79888,0.21863,0.56442,0.056206,0.21574,0.0002
0.23913,0.0011256,0.32031,0.6568,0.64246,0.21273,0.40832,0.008114,0.20988,0.04
0.15217,0.00088149,0.51563,0.78107,0.36872,0.12199,0.42296,0.01264,0.12035,0.2
0.19565,0.00059949,0.53125,0.94083,0.26257,0.1702,0.42601,0.012734,0.16791,0.2
0.26087,0.00046504,0.33594,0.66864,0.98883,0.21854,0.40926,0.014342,0.2156,0.04
0.30435,0.00022457,0.1875,0.4497,0.82682,0.26552,0.43609,0.057023,0.26195,0.02
0.26087,0.00099853,0.28906,0.68047,0.28492,0.23467,0.43842,0.010817,0.23152,0.04
0.26087,0.0006629,0.33594,0.67456,0.53631,0.21797,0.44307,0.014783,0.21506,0.04
0.21739,0.001516,0.28125,0.53846,0.49721,0.17913,0.43065,0.011116,0.17671,0.04
0.26087,0.0011682,0.21094,0.42604,0.60335,0.21746,0.46803,0.027964,0.21452,0.02
0.26087,0.0014282,0.32031,0.57988,0.40223,0.23575,0.46383,0.010162,0.23267,0.04
0.1087,0.002521,0.42969,0.64497,0.38547,0.096979,0.47636,0.012668,0.095909,0.4
0.26087,0.00032456,0.33594,0.68639,0.7933,0.21911,0.41745,0.024528,0.21616,0.04
0.1087,0.0011517,0.46875,0.66272,0.35196,0.090608,0.45296,0.014732,0.089478,0.4
0.30435,0.00088138,0.15625,0.37278,0.64246,0.26979,0.49624,0.013791,0.26616,0.02
0,0.00092673,0.35156,0.40828,0.58101,0.00030655,0.50462,0.043919,0.00031101,1
0.021739,0.0036656,0.3125,0.39053,0.17318,0.038127,0.42423,0.0079383,0.037649,0.4
0.1087,0.00082846,0.5,0.74556,0.55866,0.085266,0.42709,0.010444,0.084111,1
0.086957,0.0017171,0.5,0.69822,0.45251,0.077624,0.38291,0.023114,0.076586,1
0.26087,0.00093922,0.28906,0.59172,0.28492,0.22209,0.50026,0.028306,0.2191,0.04
0.30435,0.0012223,0.17188,0.42604,0.55307,0.26447,0.39754,0.013164,0.26095,0.02
0.26087,0.00034863,0.33594,0.68639,0.7933,0.21935,0.40103,0.022973,0.2164,0.04
0.30435,0.00049531,0.1875,0.4497,0.81006,0.27043,0.49645,0.020358,0.2668,0.02
0.15217,0.0013202,0.32031,0.51479,0.53073,0.13934,0.46375,0.0077911,0.13738,0.4
0.065217,0.0027335,0.25781,0.33136,0.3352,0.043608,0.44422,0.013173,0.042965,0.4
0.17391,0.00073064,0.45313,0.69231,0.39106,0.14961,0.46778,0.022487,0.14761,0.2
0.26087,0.0012766,0.32031,0.68047,0.51397,0.23356,0.4507,0.008084,0.23046,0.04
0.28261,0.0016503,0.078125,0.17751,0.85475,0.24196,0.51865,0.051322,0.2387,0.0002
0.043478,0.0044847,0.44531,0.60947,0.56425,0.044776,0.42858,0.0096166,0.04442,1
0.28261,0.0019577,0.19531,0.42604,0.59218,0.25856,0.42846,0.0056727,0.2551,0.02
0.043478,0.0024398,0.33594,0.47929,0.4581,0.033009,0.41095,0.010467,0.03258,1
0.23913,0.00074705,0.23438,0.44379,0.74302,0.19975,0.51694,0.01979,0.19706,0.02
0.30435,0.001272,0.17188,0.43787,0.30168,0.26402,0.41967,0.0090376,0.26047,0.02
0.19565,0.00050652,0.3125,0.55621,0.51397,0.17028,0.44196,0.020907,0.168,0.04
0.086957,0.0009338,0.39063,0.57396,0.3352,0.085585,0.45594,0.0090258,0.084441,0.2
0.21739,0.0010928,0.35938,0.66272,0.19553,0.19251,0.4292,0.014478,0.18993,0.2
0.1087,0.0017799,0.34375,0.49112,0.7095,0.090251,0.44003,0.017962,0.089019,1
0.45652,0.0094524,0.015625,0.11243,0.73743,0.41462,0.37728,0.089178,0.40908,0.0002
0.086957,0.0004763,0.46094,0.63314,0.51955,0.080251,0.4415,0.012486,0.079185,1
0.34783,0.0013748,0.078125,0.21302,0.71508,0.29617,0.43186,0.04353,0.29218,0.0002
0.32609,0.0014419,0.046875,0.13018,0.73743,0.28693,0.47293,0.13083,0.28306,0.0002
0.1087,0.0030458,0.42969,0.60355,0.26257,0.10027,0.46857,0.010029,0.099185,0.4
0.15217,0.00075215,0.35938,0.59172,0.57542,0.13271,0.44456,0.0057643,0.13094,1
0.30435,0.0013738,0.16406,0.39053,0.6648,0.2709,0.43918,0.01068,0.26731,0.02
0.21739,0.039611,0.054688,0.094675,0.8324,0.22566,0.47924,0.0057292,0.22312,0.0002
0.17391,0.0031497,0.4375,0.73964,0.78212,0.15584,0.52084,0.038798,0.15398,0.2
0.34783,0.0029451,0.078125,0.23669,0.78771,0.31269,0.44659,0.013542,0.30851,0.0002
0.28261,0.00077902,0.26563,0.57988,0.35754,0.23983,0.45893,0.016659,0.23657,0.04
0.30435,0.00081398,0.15625,0.43787,0.65922,0.27458,0.45371,0.013318,0.27088,0.02
0.065217,0.0013584,0.36719,0.47929,0.25698,0.044824,0.37928,0.022426,0.044214,1
0.1087,0.00080037,0.39844,0.57396,0.30726,0.091758,0.4187,0.0086935,0.090532,0.2
0.23913,0.0014426,0.33594,0.68639,0.34637,0.21338,0.46155,0.0093574,0.21052,0.04
0.52174,0.0057769,0.0078125,0.11834,0.87151,0.44752,0.2253,0.13794,0.44149,0.0002
0.065217,0.007981,0.35938,0.49704,0.37151,0.068935,0.44866,0.0085277,0.068179,0.4
0.30435,0.00035366,0.1875,0.4497,0.70391,0.26642,0.45027,0.029298,0.26283,0.02
0.26087,0.0009525,0.078125,0.16568,0.83799,0.23506,0.35299,0.06728,0.2319,0.0002
0.34783,0.0064624,0.078125,0.2071,0.77654,0.26711,0.43307,0.0095897,0.26361,0.0002
0.26087,0.001253,0.32813,0.69822,1,0.23866,0.46597,0.010485,0.23544,0.04
0.26087,0.00045638,0.32031,0.6568,0.56983,0.21967,0.40746,0.01342,0.21673,0.04
0.13043,0.0004463,0.38281,0.56805,0.67039,0.11203,0.41013,0.026157,0.11054,1
0.065217,0.0020037,0.44531,0.60947,0.69832,0.059167,0.41218,0.010183,0.058333,1
0.19565,0.00048963,0.28906,0.49704,0.60894,0.16455,0.5024,0.034742,0.16234,0.04
0.15217,0.001578,0.45313,0.67456,0.26257,0.13552,0.43493,0.009036,0.13371,0.2
0.13043,0.000621,0.45313,0.67456,0.34078,0.11278,0.45224,0.018908,0.11127,0.2
0.26087,0.0015897,0.20313,0.40828,0.65922,0.22465,0.45635,0.0059607,0.2216,0.02
0.32609,0.0041255,0.046875,0.11834,0.67039,0.28442,0.65439,0.15071,0.28061,0.0002
0.23913,0.00099239,0.33594,0.68639,0.54749,0.20167,0.47192,0.011209,0.19896,0.04
0.13043,0.00048876,0.51563,0.7929,0.37989,0.11824,0.39678,0.018177,0.11665,0.2
0.26087,0.00061451,0.26563,0.60355,0.51955,0.22664,0.44696,0.0064214,0.22359,0.04
0.28261,0.0012622,0.26563,0.57988,0.24022,0.25104,0.43574,0.01025,0.24766,0.04
0.043478,0.0030026,0.44531,0.56213,0.59777,0.04069,0.42482,0.010419,0.039935,1
0.1087,0.0006804,0.5,0.69822,0.48045,0.084737,0.4328,0.013324,0.083605,1
0.086957,0.0047993,0.35938,0.52071,0.57542,0.097388,0.45484,0.007456,0.096067,0.4
0.17391,0.0083291,0.35938,0.59172,0.40782,0.11844,0.428,0.0033973,0.11702,0.4
0.13043,0.0039392,0.35938,0.52071,0.3352,0.08561,0.42909,0.0086745,0.084365,0.4
0.30435,0.0010272,0.19531,0.47337,0.59777,0.26264,0.36447,0.024192,0.25913,0.02
0,0.0056441,0.26563,0.46746,0.3352,0.018548,0.42084,0.010999,0.01806,1
0.26087,0.00075567,0.28906,0.60947,0.50279,0.21876,0.44703,0.012951,0.21582,0.04
0.41304,0.0059807,0.046875,0.18935,0.73184,0.34219,0.40155,0.0072782,0.33739,0.0002
0.065217,0.0044594,0.375,0.48521,0.46369,0.036156,0.43044,0.007524,0.0358,1
0.28261,0.0045558,0.078125,0.17751,0.84358,0.25109,0.55344,0.048747,0.24784,0.0002
0.30435,0.00095067,0.1875,0.4497,0.51955,0.26509,0.41218,0.016917,0.26151,0.02
0.17391,0.0022204,0.41406,0.66864,0.22905,0.1538,0.45759,0.0076515,0.15174,0.2
0.26087,0.00046309,0.35938,0.74556,0.50838,0.22941,0.44368,0.013038,0.22634,0.04
0.065217,0.0039122,0.25781,0.33136,0.067039,0.049768,0.41978,0.017912,0.049248,0.4
0.26087,0.0093465,0.078125,0.16568,0.7933,0.25239,0.51145,0.018945,0.24903,0.0002
0.13043,0.0011507,0.39063,0.5858,0.75419,0.10747,0.42071,0.009132,0.10603,1
0.30435,0.00062646,0.1875,0.4497,0.77095,0.26255,0.35956,0.036019,0.25903,0.02
0.1087,0.0016369,0.4375,0.64497,0.49162,0.092438,0.43727,0.0082415,0.091076,0.4
0.30435,0.0021292,0.125,0.39645,0.6648,0.28186,0.40181,0.01337,0.27804,0.02
0.28261,0.0013175,0.19531,0.47337,0.59218,0.25959,0.41748,0.01131,0.2561,0.02
0.28261,0.0030276,0.10156,0.23669,0.69832,0.26115,0.49127,0.01773,0.25768,0.02
0.30435,0.00070489,0.17188,0.4142,0.78771,0.26991,0.47137,0.025444,0.26628,0.02
0.065217,0.0021648,0.28125,0.36095,0.067039,0.043491,0.40975,0.019048,0.042949,0.4
0.086957,0.0092342,0.30469,0.50888,0.53073,0.12091,0.42978,0.0047164,0.11927,0.4
0.065217,0.006318,0.35938,0.52071,0.35754,0.075022,0.4433,0.005837,0.073949,0.4
0.28261,0.00066432,0.20313,0.45562,0.55307,0.25027,0.47351,0.018986,0.2469,0.02
0.30435,0.0015776,0.14844,0.37278,0.72626,0.27457,0.48498,0.013,0.27088,0.02
0.30435,0.0020169,0.10156,0.27219,0.75978,0.27491,0.42856,0.0055853,0.27123,0.02
0.065217,0.0033735,0.39063,0.5503,0.24022,0.083076,0.44144,0.0094026,0.082314,0.4
0.28261,0.0010622,0.1875,0.4497,0.59218,0.25566,0.41258,0.010881,0.25223,0.02
0.21739,0.0012693,0.20313,0.39645,0.3743,0.19843,0.43739,0.0091028,0.19583,0.02
0.19565,0.00081782,0.34375,0.56213,0.26257,0.16697,0.48016,0.0243,0.16472,0.2
0.086957,0.0021292,0.38281,0.56805,0.63128,0.095853,0.42875,0.0049187,0.094551,1
0.52174,0.015068,0.0078125,0.11834,0.82682,0.43897,0.29859,0.053127,0.43309,0.0002
0.26087,0.00073394,0.33594,0.68639,0.40782,0.22545,0.46336,0.0084202,0.22244,0.04
0.065217,0.0091723,0.39063,0.5503,0.21229,0.074644,0.42328,0.0094364,0.074394,0.4
0.17391,0.0011121,0.41406,0.59172,0.48045,0.14361,0.40687,0.014532,0.14171,0.2
0.086957,0.0018711,0.46094,0.63314,0.60335,0.088329,0.47557,0.012412,0.08702,1
0.043478,0.015202,0.39063,0.6213,0.30168,0.074106,0.44618,0.0037347,0.073005,0.4
0.28261,0.0016824,0.1875,0.4497,0.67039,0.25588,0.41937,0.01166,0.25243,0.02
0.41304,0.0054272,0.039063,0.18935,0.65363,0.34237,0.41217,0.0092184,0.33782,0.0002
0.086957,0.00093551,0.40625,0.52663,0.31844,0.069669,0.42503,0.011615,0.068726,0.2
0.34783,0.017239,0.054688,0.15385,0.52514,0.2858,0.48666,0.024308,0.28153,0.0002
0.021739,0.004247,0.26563,0.32544,0.27933,0.020142,0.44496,0.006534,0.019592,1
0.26087,0.00083236,0.33594,0.63314,0.46369,0.21889,0.42506,0.010728,0.21593,0.04
0.21739,0.0022631,0.28125,0.51479,0.44693,0.18267,0,1,0.1802,0.04
0.26087,0.00089556,0.35156,0.69822,0.53631,0.22402,0.42948,0.0077579,0.22101,0.04
0.26087,0.0011847,0.28906,0.64497,0.13966,0.22363,0.41343,0.014777,0.22065,0.04
0.21739,0.0013927,0.33594,0.62722,0.54749,0.20204,0.45991,0.010041,0.19932,0.04
0,0.0039934,0.26563,0.42012,0.39106,0.018086,0.40525,0.026482,0.017907,1
0.19565,0.0011312,0.42969,0.63314,0.18994,0.17201,0.43043,0.013628,0.16969,0.2
0.43478,0.072301,0.015625,0.088757,0.81564,0.30125,0.43754,0.00019995,0.29777,0.0002
0.1087,0.0017254,0.42188,0.60355,0.64246,0.10559,0.43698,0.0060376,0.10414,1
0.17391,0.0021136,0.375,0.59172,0.47486,0.14754,0.43224,0.012887,0.14564,0.2
0.19565,0.00069551,0.39063,0.60947,0.19553,0.17448,0.47015,0.011813,0.17215,0.2
0.17391,0.00088661,0.35156,0.56213,0.37989,0.14396,0.45238,0.0081161,0.14202,0.2
0.54348,0.0094636,0,0.094675,0.74302,0.45575,0.41277,0.0045152,0.44933,0.0002
1,0.2853,0.99609,0.0059172,0.50838,0.79126,0.49424,0.014616,0.77556,0.0002
0.19565,0.0013275,0.28906,0.49704,0.4162,0.16794,0.53022,0.027964,0.16567,0.04
0.32609,0.054961,0.046875,0.11834,0.44134,0.34276,0.45814,0.0034262,0.33651,0.0002
0.26087,0.00060511,0.19531,0.42604,0.44134,0.23548,0.4277,0.0082686,0.2323,0.02
0.1087,0.0034797,0.33594,0.52071,0.46369,0.098115,0.46536,0.0080725,0.097017,0.4
0.30435,0.0023115,0.10156,0.27219,0.78212,0.27118,0.44088,0.003493,0.26761,0.02
0.26087,0.0003531,0.35156,0.63314,0.46927,0.21777,0.43721,0.011656,0.21485,0.04
0.065217,0.0012417,0.4375,0.57396,0.46927,0.065954,0.4608,0.013537,0.065065,0.2
0.23913,0.0066867,0.078125,0.15385,0.94413,0.23281,0.4828,0.014225,0.22987,0.0002
0.043478,0.0026198,0.44531,0.56213,0.48045,0.039485,0.43677,0.011759,0.038759,1
0.30435,0.0022915,0.125,0.3432,0.7095,0.27832,0.46249,0.0072989,0.27451,0.02
0.13043,0.00055927,0.39844,0.56805,0.67039,0.10645,0.44169,0.0074508,0.10503,1
0.1087,0.0027614,0.42969,0.66272,0.4581,0.10254,0.45669,0.0079447,0.1014,0.4
0.26087,0.0011838,0.20313,0.40828,0.4581,0.22141,0.46842,0.0094104,0.21842,0.02
0.28261,0.0013052,0.17969,0.40828,0.57542,0.24251,0.41968,0.0084889,0.23929,0.02
0.30435,0.0015924,0.21094,0.48521,0.48603,0.25855,0.44536,0.014984,0.25508,0.02
0.30435,0.0016409,0.16406,0.40237,0.32402,0.26279,0.38598,0.021487,0.25921,0.02
0.19565,0.0016589,0.47656,0.80473,0.26816,0.16884,0.45082,0.0078356,0.1666,0.2
0.13043,0.0037057,0.28906,0.48521,0.53073,0.13282,0.44272,0.007918,0.13088,0.4
0.28261,0.0021416,0.085938,0.18343,0.84358,0.2393,0.48242,0.05003,0.23609,0.0002
0.19565,0.00099425,0.34375,0.5858,0.44693,0.16914,0.47144,0.018433,0.16688,0.2
0.30435,0.0011567,0.17188,0.42604,0.67598,0.26157,0.39959,0.009709,0.25805,0.02
0.28261,0.00096557,0.20313,0.45562,0.54749,0.24212,0.45477,0.014331,0.23888,0.02
0.26087,0.00042098,0.32031,0.66864,0.52514,0.22573,0.43432,0.015643,0.22268,0.04
0.30435,0.00056797,0.1875,0.4497,0.36872,0.2642,0.42375,0.040847,0.26065,0.02
0.15217,0.00071254,0.38281,0.59172,0.53073,0.1312,0.45005,0.0045413,0.12944,1
0.30435,0.0015816,0.16406,0.4142,0.63687,0.26465,0.44887,0.02612,0.26107,0.02
0.043478,0.013222,0.38281,0.57396,0.22905,0.071668,0.44231,0.0035018,0.070139,0.4
0.34783,0.0058574,0.0625,0.20118,0.79888,0.30977,0.41782,0.017401,0.30554,0.0002
0.41304,0.0063025,0.039063,0.15976,0.67598,0.34885,0.41915,0.014096,0.34413,0.0002
0,0.002287,0.28906,0.33136,0.35754,0.0040453,0.45731,0.012157,0.0040796,1
0.1087,0.00062808,0.34375,0.47929,0.31564,0.089818,0.43939,0.024302,0.088621,0.2
0.30435,0.0010963,0.17188,0.4497,0.75419,0.26463,0.40597,0.019533,0.26108,0.02
0.26087,0.0026569,0.19531,0.42604,0.58939,0.2418,0.44968,0.0061312,0.23854,0.02
0.26087,0.0023678,0.32031,0.59172,0.24581,0.23508,0.46874,0.0073077,0.23187,0.04
0.28261,0.00067108,0.19531,0.42604,0.42458,0.23888,0.42889,0.01739,0.23567,0.02
0.1087,0.001064,0.42969,0.61538,0.36872,0.095422,0.48956,0.021416,0.094158,0.2
0.065217,0.0013232,0.27344,0.36095,0.32961,0.04183,0.38544,0.021534,0.041307,1
0.17391,0.0010018,0.4375,0.71598,0.27374,0.1521,0.45719,0.0088532,0.15005,0.2
0.17391,0.0032372,0.41406,0.66864,0.30168,0.14941,0.4461,0.010044,0.14771,0.4
0.28261,0.0014726,0.17969,0.40237,0.51397,0.2537,0.42965,0.010133,0.25024,0.02
0.13043,0.015123,0.4375,0.71598,0.80447,0.15099,0.46349,0.010286,0.14919,0.4
0.086957,0.0023154,0.34375,0.49112,0.5419,0.087743,0.44633,0.0090761,0.086708,0.4
0.41304,0.0047964,0.046875,0.18935,0.65922,0.34607,0.40158,0.0091817,0.34143,0.0002
0.26087,0.00080999,0.28906,0.60947,0.57542,0.22173,0.50282,0.032753,0.21875,0.04
0.30435,0.00075876,0.17188,0.4497,0.81006,0.27167,0.48468,0.016494,0.26801,0.02
0.1087,0.0017718,0.35938,0.49112,0.43575,0.092419,0.40653,0.019817,0.091145,1
0.13043,0.00046085,0.5,0.7929,0.36313,0.11727,0.4167,0.01506,0.1157,0.2
0.13043,0.00071427,0.36719,0.53846,0.73184,0.10693,0.42282,0.019507,0.1055,1
0.13043,0.003501,0.50781,0.79882,0.18436,0.12624,0.42957,0.0072852,0.12445,0.2
0.13043,0.00076346,0.42188,0.63905,0.64246,0.11798,0.45412,0.011976,0.11637,1
0.28261,0.00066953,0.17969,0.39645,0.46927,0.23863,0.38008,0.029325,0.23542,0.02
0.065217,0.0060909,0.35938,0.52071,0.3352,0.084547,0.45668,0.01285,0.082766,0.4
0.13043,0.00084581,0.38281,0.57988,0.71508,0.11149,0.43772,0.0063318,0.10999,1
0.30435,0.0034545,0.15625,0.37278,0.72067,0.27877,0.45258,0.0036863,0.2751,0.02
0.15217,0.0010954,0.45313,0.68639,0.50279,0.13513,0.41763,0.0082974,0.13327,0.2
0.21739,0.00055441,0.28125,0.52663,0.44693,0.18556,0.39061,0.018635,0.18307,0.04
0.13043,0.0085238,0.375,0.60355,0.25698,0.10444,0.41247,0.0065094,0.10301,0.4
0.30435,0.003286,0.15625,0.38462,0.50838,0.28047,0.46808,0.010933,0.27673,0.02
0.30435,0.00080706,0.16406,0.40237,0.64804,0.26629,0.39371,0.030929,0.26272,0.02
0.26087,0.00051866,0.28906,0.59172,0.59218,0.22036,0.43294,0.01158,0.2174,0.04
0.17391,0.00094549,0.40625,0.68639,0.44134,0.15124,0.44801,0.0081467,0.14919,0.2
0.23913,0.00046345,0.35156,0.71006,0.88827,0.21444,0.42467,0.022303,0.21156,0.04
0.13043,0.0010667,0.42188,0.63905,0.2905,0.10926,0.4477,0.011337,0.10782,0.2
0.19565,0.0012034,0.29688,0.52663,0.3352,0.17076,0.44367,0.0065263,0.16846,0.04
0.19565,0.0013056,0.29688,0.52663,0.68715,0.16745,0.42143,0.010844,0.16518,0.04
0.28261,0.00057875,0.17969,0.39645,0.46369,0.23895,0.39544,0.034075,0.23572,0.02
0.1087,0.0013975,0.39844,0.5858,0.75419,0.094725,0.37749,0.022611,0.093415,1
0.1087,0.0010748,0.42969,0.60355,0.45251,0.092561,0.46102,0.0090903,0.091278,0.2
0.28261,0.00086393,0.19531,0.42604,0.44693,0.24076,0.46051,0.022497,0.23753,0.02
0.30435,0.0018792,0.16406,0.40237,0.25698,0.2646,0.39343,0.019746,0.26111,0.02
0.043478,0.0028737,0.33594,0.4142,0.15084,0.049975,0.43546,0.0051833,0.049535,0.4
0.28261,0.00081087,0.21875,0.48521,0.60335,0.25062,0.489,0.0087939,0.24726,0.02
0.1087,0.0078643,0.35938,0.59172,0.39106,0.11155,0.4443,0.0029175,0.11027,0.4
0.086957,0.0010718,0.39063,0.5503,0.42458,0.079791,0.433,0.019963,0.078737,1